,Area_Name,Year,Sub_Group_Name,Victims_Above_50_Yrs,Victims_Total,Victims_Upto_10_15_Yrs,Victims_Upto_10_Yrs,Victims_Upto_15_18_Yrs,Victims_Upto_18_30_Yrs,Victims_Upto_30_50_Yrs
0,Andhra Pradesh,2001,1. Male Victims,17.0,144.0,3.0,1.0,5.0,54.0,64.0
1,Arunachal Pradesh,2001,1. Male Victims,1.0,6.0,0.0,0.0,0.0,3.0,2.0
2,Assam,2001,1. Male Victims,2.0,38.0,0.0,0.0,0.0,20.0,16.0
3,Bihar,2001,1. Male Victims,20.0,232.0,3.0,0.0,19.0,116.0,74.0
4,Chandigarh,2001,1. Male Victims,0.0,6.0,0.0,0.0,1.0,6.0,0.0
5,Chhattisgarh,2001,1. Male Victims,8.0,73.0,2.0,2.0,3.0,33.0,25.0
6,Delhi,2001,1. Male Victims,2.0,63.0,1.0,1.0,10.0,31.0,20.0
7,Goa,2001,1. Male Victims,2.0,5.0,0.0,0.0,1.0,3.0,8.0
8,Gujarat,2001,1. Male Victims,18.0,230.0,23.0,44.0,11.0,61.0,73.0
9,Haryana,2001,1. Male Victims,3.0,67.0,0.0,4.0,2.0,32.0,26.0
10,Himachal Pradesh,2001,1. Male Victims,1.0,10.0,1.0,0.0,2.0,2.0,4.0
11,Jammu & Kashmir,2001,1. Male Victims,0.0,27.0,8.0,0.0,8.0,6.0,5.0
12,Jharkhand,2001,1. Male Victims,5.0,108.0,1.0,2.0,6.0,52.0,42.0
13,Karnataka,2001,1. Male Victims,3.0,67.0,5.0,2.0,5.0,27.0,25.0
14,Kerala,2001,1. Male Victims,7.0,81.0,4.0,3.0,1.0,23.0,44.0
15,Madhya Pradesh,2001,1. Male Victims,7.0,86.0,3.0,2.0,3.0,44.0,27.0
16,Maharashtra,2001,1. Male Victims,6.0,103.0,5.0,3.0,10.0,47.0,32.0
17,Manipur,2001,1. Male Victims,2.0,3.0,0.0,0.0,1.0,2.0,1.0
18,Meghalaya,2001,1. Male Victims,0.0,2.0,0.0,0.0,0.0,1.0,1.0
19,Mizoram,2001,1. Male Victims,2.0,13.0,1.0,0.0,1.0,3.0,6.0
20,Nagaland,2001,1. Male Victims,0.0,36.0,0.0,0.0,7.0,18.0,11.0
21,Odisha,2001,1. Male Victims,0.0,38.0,0.0,0.0,5.0,17.0,16.0
22,Punjab,2001,1. Male Victims,5.0,56.0,0.0,3.0,2.0,18.0,28.0
23,Rajasthan,2001,1. Male Victims,3.0,54.0,0.0,1.0,1.0,18.0,32.0
24,Sikkim,2001,1. Male Victims,2.0,7.0,0.0,0.0,1.0,6.0,1.0
25,Tamil Nadu,2001,1. Male Victims,4.0,11.0,1.0,1.0,3.0,1.0,1.0
26,Uttar Pradesh,2001,1. Male Victims,116.0,1086.0,7.0,4.0,62.0,430.0,467.0
27,Uttarakhand,2001,1. Male Victims,6.0,38.0,0.0,0.0,1.0,14.0,17.0
28,West Bengal,2001,1. Male Victims,22.0,513.0,16.0,1.0,28.0,239.0,207.0
29,Andhra Pradesh,2002,1. Male Victims,10.0,181.0,2.0,2.0,7.0,78.0,82.0
30,Arunachal Pradesh,2002,1. Male Victims,1.0,6.0,0.0,0.0,1.0,5.0,8.0
31,Assam,2002,1. Male Victims,4.0,54.0,0.0,0.0,0.0,28.0,22.0
32,Bihar,2002,1. Male Victims,18.0,381.0,1.0,0.0,15.0,189.0,158.0
33,Chandigarh,2002,1. Male Victims,0.0,7.0,0.0,0.0,0.0,4.0,3.0
34,Chhattisgarh,2002,1. Male Victims,3.0,20.0,0.0,2.0,3.0,7.0,5.0
35,Daman & Diu,2002,1. Male Victims,0.0,0.0,0.0,0.0,0.0,0.0,0.0
36,Delhi,2002,1. Male Victims,3.0,68.0,1.0,5.0,3.0,34.0,22.0
37,Goa,2002,1. Male Victims,1.0,6.0,0.0,0.0,1.0,3.0,2.0
38,Gujarat,2002,1. Male Victims,6.0,24.0,0.0,0.0,0.0,6.0,12.0
39,Haryana,2002,1. Male Victims,1.0,83.0,0.0,2.0,5.0,40.0,35.0
40,Himachal Pradesh,2002,1. Male Victims,1.0,4.0,1.0,0.0,0.0,0.0,2.0
41,Jammu & Kashmir,2002,1. Male Victims,1.0,28.0,0.0,0.0,2.0,11.0,14.0
42,Jharkhand,2002,1. Male Victims,6.0,95.0,3.0,1.0,4.0,39.0,42.0
43,Karnataka,2002,1. Male Victims,3.0,52.0,0.0,5.0,4.0,20.0,20.0
44,Kerala,2002,1. Male Victims,10.0,190.0,4.0,0.0,1.0,93.0,82.0
45,Madhya Pradesh,2002,1. Male Victims,23.0,182.0,14.0,4.0,16.0,73.0,52.0
46,Maharashtra,2002,1. Male Victims,9.0,99.0,1.0,3.0,1.0,45.0,40.0
47,Manipur,2002,1. Male Victims,1.0,1.0,0.0,0.0,1.0,10.0,8.0
48,Meghalaya,2002,1. Male Victims,0.0,3.0,0.0,0.0,0.0,2.0,1.0
49,Mizoram,2002,1. Male Victims,2.0,4.0,0.0,0.0,2.0,1.0,1.0
50,Nagaland,2002,1. Male Victims,0.0,6.0,0.0,0.0,0.0,4.0,2.0
51,Odisha,2002,1. Male Victims,1.0,43.0,0.0,0.0,2.0,15.0,25.0
52,Puducherry,2002,1. Male Victims,2.0,1.0,0.0,0.0,1.0,10.0,1.0
53,Punjab,2002,1. Male Victims,1.0,103.0,0.0,3.0,1.0,47.0,51.0
54,Rajasthan,2002,1. Male Victims,4.0,50.0,1.0,0.0,1.0,17.0,27.0
55,Sikkim,2002,1. Male Victims,2.0,2.0,0.0,0.0,1.0,10.0,2.0
56,Tamil Nadu,2002,1. Male Victims,0.0,30.0,0.0,0.0,4.0,9.0,17.0
57,Uttar Pradesh,2002,1. Male Victims,84.0,1155.0,10.0,4.0,66.0,540.0,451.0
58,Uttarakhand,2002,1. Male Victims,5.0,44.0,0.0,0.0,1.0,18.0,21.0
59,West Bengal,2002,1. Male Victims,15.0,489.0,0.0,0.0,2.0,307.0,165.0
60,Andaman & Nicobar Islands,2003,1. Male Victims,0.0,1.0,0.0,0.0,0.0,1.0,0.0
61,Andhra Pradesh,2003,1. Male Victims,11.0,161.0,0.0,0.0,1.0,86.0,63.0
62,Arunachal Pradesh,2003,1. Male Victims,0.0,3.0,0.0,0.0,0.0,3.0,0.0
63,Assam,2003,1. Male Victims,0.0,30.0,0.0,0.0,0.0,20.0,10.0
64,Bihar,2003,1. Male Victims,21.0,299.0,4.0,0.0,21.0,174.0,79.0
65,Chandigarh,2003,1. Male Victims,0.0,2.0,0.0,0.0,0.0,2.0,0.0
66,Chhattisgarh,2003,1. Male Victims,3.0,44.0,0.0,0.0,5.0,23.0,13.0
67,Dadra & Nagar Haveli,2003,1. Male Victims,2.0,1.0,0.0,0.0,1.0,10.0,1.0
68,Daman & Diu,2003,1. Male Victims,0.0,0.0,0.0,0.0,0.0,0.0,0.0
69,Delhi,2003,1. Male Victims,3.0,68.0,1.0,2.0,2.0,36.0,24.0
70,Goa,2003,1. Male Victims,3.0,14.0,0.0,0.0,1.0,5.0,6.0
71,Gujarat,2003,1. Male Victims,1.0,56.0,2.0,2.0,4.0,34.0,13.0
72,Haryana,2003,1. Male Victims,3.0,71.0,0.0,5.0,4.0,22.0,37.0
73,Himachal Pradesh,2003,1. Male Victims,0.0,5.0,1.0,0.0,0.0,1.0,3.0
74,Jammu & Kashmir,2003,1. Male Victims,2.0,26.0,0.0,0.0,0.0,12.0,12.0
75,Jharkhand,2003,1. Male Victims,4.0,75.0,1.0,0.0,2.0,28.0,40.0
76,Karnataka,2003,1. Male Victims,6.0,67.0,2.0,1.0,1.0,20.0,37.0
77,Kerala,2003,1. Male Victims,35.0,309.0,5.0,1.0,1.0,182.0,85.0
78,Madhya Pradesh,2003,1. Male Victims,10.0,41.0,0.0,0.0,2.0,16.0,13.0
79,Maharashtra,2003,1. Male Victims,12.0,118.0,2.0,1.0,2.0,40.0,61.0
80,Manipur,2003,1. Male Victims,0.0,5.0,0.0,0.0,1.0,3.0,2.0
81,Meghalaya,2003,1. Male Victims,0.0,15.0,1.0,0.0,1.0,12.0,1.0
82,Mizoram,2003,1. Male Victims,0.0,2.0,0.0,0.0,0.0,2.0,0.0
83,Nagaland,2003,1. Male Victims,0.0,12.0,0.0,0.0,0.0,6.0,6.0
84,Odisha,2003,1. Male Victims,1.0,45.0,0.0,0.0,0.0,22.0,22.0
85,Punjab,2003,1. Male Victims,7.0,131.0,1.0,1.0,6.0,35.0,81.0
86,Rajasthan,2003,1. Male Victims,2.0,47.0,2.0,1.0,1.0,18.0,23.0
87,Sikkim,2003,1. Male Victims,2.0,1.0,0.0,0.0,1.0,1.0,8.0
88,Tamil Nadu,2003,1. Male Victims,2.0,22.0,1.0,0.0,1.0,5.0,13.0
89,Uttar Pradesh,2003,1. Male Victims,130.0,1407.0,18.0,2.0,77.0,592.0,588.0
90,Uttarakhand,2003,1. Male Victims,2.0,33.0,0.0,0.0,0.0,12.0,19.0
91,West Bengal,2003,1. Male Victims,21.0,431.0,1.0,0.0,2.0,242.0,165.0
92,Andaman & Nicobar Islands,2004,1. Male Victims,0.0,1.0,0.0,0.0,0.0,1.0,0.0
93,Andhra Pradesh,2004,1. Male Victims,6.0,141.0,1.0,0.0,0.0,74.0,60.0
94,Arunachal Pradesh,2004,1. Male Victims,0.0,1.0,0.0,0.0,0.0,1.0,0.0
95,Assam,2004,1. Male Victims,1.0,58.0,0.0,0.0,0.0,39.0,18.0
96,Bihar,2004,1. Male Victims,14.0,267.0,0.0,1.0,9.0,140.0,103.0
97,Chandigarh,2004,1. Male Victims,0.0,10.0,0.0,0.0,0.0,2.0,8.0
98,Chhattisgarh,2004,1. Male Victims,4.0,21.0,0.0,0.0,2.0,10.0,5.0
99,Delhi,2004,1. Male Victims,6.0,100.0,0.0,4.0,2.0,60.0,28.0
100,Goa,2004,1. Male Victims,1.0,5.0,0.0,0.0,1.0,1.0,3.0
101,Gujarat,2004,1. Male Victims,0.0,26.0,0.0,4.0,2.0,8.0,12.0
102,Haryana,2004,1. Male Victims,2.0,59.0,0.0,4.0,1.0,24.0,28.0
103,Himachal Pradesh,2004,1. Male Victims,2.0,9.0,0.0,0.0,0.0,1.0,6.0
104,Jammu & Kashmir,2004,1. Male Victims,2.0,25.0,0.0,1.0,1.0,7.0,15.0
105,Jharkhand,2004,1. Male Victims,4.0,78.0,1.0,0.0,2.0,30.0,41.0
106,Karnataka,2004,1. Male Victims,15.0,204.0,2.0,4.0,1.0,83.0,99.0
107,Kerala,2004,1. Male Victims,35.0,418.0,8.0,5.0,14.0,201.0,155.0
108,Madhya Pradesh,2004,1. Male Victims,11.0,201.0,14.0,4.0,8.0,90.0,74.0
109,Maharashtra,2004,1. Male Victims,29.0,189.0,0.0,4.0,2.0,51.0,103.0
110,Manipur,2004,1. Male Victims,0.0,2.0,0.0,0.0,0.0,2.0,0.0
111,Meghalaya,2004,1. Male Victims,0.0,7.0,0.0,0.0,0.0,4.0,3.0
112,Mizoram,2004,1. Male Victims,0.0,1.0,0.0,0.0,0.0,1.0,0.0
113,Nagaland,2004,1. Male Victims,0.0,5.0,0.0,0.0,0.0,2.0,3.0
114,Odisha,2004,1. Male Victims,2.0,18.0,0.0,0.0,0.0,6.0,10.0
115,Puducherry,2004,1. Male Victims,7.0,14.0,0.0,0.0,1.0,2.0,5.0
116,Punjab,2004,1. Male Victims,19.0,160.0,1.0,7.0,6.0,72.0,55.0
117,Rajasthan,2004,1. Male Victims,2.0,52.0,0.0,1.0,1.0,23.0,28.0
118,Sikkim,2004,1. Male Victims,0.0,3.0,0.0,0.0,0.0,2.0,1.0
119,Tamil Nadu,2004,1. Male Victims,1.0,63.0,42.0,0.0,0.0,11.0,9.0
120,Tripura,2004,1. Male Victims,2.0,21.0,0.0,0.0,1.0,10.0,8.0
121,Uttar Pradesh,2004,1. Male Victims,108.0,1262.0,20.0,10.0,65.0,570.0,489.0
122,Uttarakhand,2004,1. Male Victims,2.0,27.0,0.0,0.0,0.0,15.0,10.0
123,West Bengal,2004,1. Male Victims,33.0,403.0,1.0,0.0,0.0,220.0,149.0
124,Andaman & Nicobar Islands,2005,1. Male Victims,2.0,3.0,0.0,0.0,1.0,1.0,2.0
125,Andhra Pradesh,2005,1. Male Victims,6.0,94.0,2.0,1.0,2.0,41.0,42.0
126,Arunachal Pradesh,2005,1. Male Victims,0.0,5.0,0.0,0.0,0.0,5.0,0.0
127,Assam,2005,1. Male Victims,2.0,117.0,0.0,0.0,0.0,69.0,46.0
128,Bihar,2005,1. Male Victims,8.0,230.0,1.0,0.0,6.0,130.0,85.0
129,Chandigarh,2005,1. Male Victims,0.0,3.0,0.0,0.0,0.0,2.0,1.0
130,Chhattisgarh,2005,1. Male Victims,4.0,53.0,1.0,2.0,6.0,15.0,25.0
131,Daman & Diu,2005,1. Male Victims,2.0,4.0,0.0,0.0,1.0,4.0,8.0
132,Delhi,2005,1. Male Victims,2.0,69.0,3.0,2.0,4.0,31.0,29.0
133,Goa,2005,1. Male Victims,1.0,3.0,0.0,0.0,1.0,10.0,2.0
134,Gujarat,2005,1. Male Victims,1.0,31.0,0.0,1.0,0.0,13.0,16.0
135,Haryana,2005,1. Male Victims,2.0,51.0,0.0,4.0,2.0,20.0,23.0
136,Himachal Pradesh,2005,1. Male Victims,1.0,19.0,0.0,0.0,1.0,9.0,8.0
137,Jammu & Kashmir,2005,1. Male Victims,1.0,32.0,0.0,1.0,0.0,16.0,14.0
138,Jharkhand,2005,1. Male Victims,0.0,79.0,0.0,0.0,6.0,35.0,38.0
139,Karnataka,2005,1. Male Victims,3.0,72.0,1.0,0.0,3.0,32.0,33.0
140,Kerala,2005,1. Male Victims,16.0,78.0,0.0,2.0,3.0,22.0,35.0
141,Madhya Pradesh,2005,1. Male Victims,15.0,187.0,12.0,5.0,12.0,75.0,68.0
142,Maharashtra,2005,1. Male Victims,8.0,87.0,2.0,7.0,3.0,29.0,38.0
143,Manipur,2005,1. Male Victims,0.0,4.0,0.0,0.0,0.0,2.0,2.0
144,Meghalaya,2005,1. Male Victims,1.0,2.0,0.0,0.0,0.0,1.0,0.0
145,Mizoram,2005,1. Male Victims,0.0,5.0,0.0,0.0,0.0,5.0,0.0
146,Nagaland,2005,1. Male Victims,0.0,7.0,0.0,0.0,0.0,2.0,5.0
147,Odisha,2005,1. Male Victims,1.0,46.0,2.0,4.0,1.0,21.0,17.0
148,Puducherry,2005,1. Male Victims,1.0,6.0,0.0,0.0,1.0,1.0,4.0
149,Punjab,2005,1. Male Victims,35.0,253.0,7.0,9.0,19.0,86.0,97.0
150,Rajasthan,2005,1. Male Victims,6.0,53.0,1.0,1.0,4.0,18.0,23.0
151,Tamil Nadu,2005,1. Male Victims,2.0,32.0,1.0,0.0,1.0,14.0,14.0
152,Tripura,2005,1. Male Victims,1.0,1.0,0.0,0.0,1.0,10.0,8.0
153,Uttar Pradesh,2005,1. Male Victims,139.0,1348.0,24.0,9.0,90.0,568.0,518.0
154,Uttarakhand,2005,1. Male Victims,1.0,27.0,0.0,0.0,0.0,17.0,9.0
155,West Bengal,2005,1. Male Victims,22.0,359.0,0.0,0.0,0.0,204.0,133.0
156,Andhra Pradesh,2006,1. Male Victims,5.0,120.0,2.0,0.0,2.0,60.0,51.0
157,Arunachal Pradesh,2006,1. Male Victims,0.0,3.0,0.0,0.0,0.0,1.0,2.0
158,Assam,2006,1. Male Victims,0.0,32.0,0.0,0.0,0.0,18.0,14.0
159,Bihar,2006,1. Male Victims,12.0,298.0,0.0,0.0,0.0,174.0,112.0
160,Chandigarh,2006,1. Male Victims,0.0,7.0,0.0,0.0,0.0,5.0,2.0
161,Chhattisgarh,2006,1. Male Victims,2.0,19.0,2.0,1.0,0.0,5.0,9.0
162,Delhi,2006,1. Male Victims,2.0,67.0,0.0,0.0,3.0,28.0,34.0
163,Goa,2006,1. Male Victims,2.0,2.0,1.0,0.0,1.0,10.0,1.0
164,Gujarat,2006,1. Male Victims,1.0,20.0,1.0,0.0,1.0,5.0,12.0
165,Haryana,2006,1. Male Victims,4.0,47.0,0.0,0.0,3.0,18.0,22.0
166,Himachal Pradesh,2006,1. Male Victims,0.0,19.0,0.0,0.0,0.0,6.0,13.0
167,Jammu & Kashmir,2006,1. Male Victims,1.0,34.0,0.0,0.0,0.0,21.0,12.0
168,Jharkhand,2006,1. Male Victims,3.0,81.0,3.0,0.0,7.0,34.0,34.0
169,Karnataka,2006,1. Male Victims,4.0,64.0,0.0,3.0,2.0,30.0,25.0
170,Kerala,2006,1. Male Victims,18.0,102.0,4.0,1.0,1.0,26.0,52.0
171,Madhya Pradesh,2006,1. Male Victims,16.0,119.0,2.0,12.0,7.0,38.0,44.0
172,Maharashtra,2006,1. Male Victims,10.0,89.0,4.0,2.0,1.0,40.0,32.0
173,Manipur,2006,1. Male Victims,0.0,4.0,0.0,0.0,0.0,3.0,1.0
174,Meghalaya,2006,1. Male Victims,0.0,6.0,0.0,0.0,0.0,4.0,2.0
175,Mizoram,2006,1. Male Victims,0.0,8.0,0.0,0.0,1.0,3.0,4.0
176,Nagaland,2006,1. Male Victims,0.0,7.0,0.0,0.0,0.0,5.0,2.0
177,Odisha,2006,1. Male Victims,0.0,40.0,0.0,0.0,0.0,26.0,14.0
178,Puducherry,2006,1. Male Victims,1.0,3.0,0.0,0.0,1.0,1.0,1.0
179,Punjab,2006,1. Male Victims,8.0,151.0,4.0,1.0,6.0,70.0,62.0
180,Rajasthan,2006,1. Male Victims,2.0,61.0,2.0,0.0,3.0,22.0,32.0
181,Sikkim,2006,1. Male Victims,2.0,3.0,0.0,1.0,1.0,10.0,2.0
182,Tamil Nadu,2006,1. Male Victims,4.0,22.0,1.0,1.0,1.0,7.0,8.0
183,Tripura,2006,1. Male Victims,2.0,1.0,1.0,0.0,1.0,10.0,8.0
184,Uttar Pradesh,2006,1. Male Victims,133.0,1364.0,22.0,6.0,59.0,528.0,616.0
185,Uttarakhand,2006,1. Male Victims,1.0,38.0,0.0,0.0,0.0,19.0,18.0
186,West Bengal,2006,1. Male Victims,17.0,359.0,0.0,0.0,0.0,208.0,134.0
187,Andaman & Nicobar Islands,2007,1. Male Victims,2.0,1.0,1.0,0.0,1.0,10.0,8.0
188,Andhra Pradesh,2007,1. Male Victims,19.0,136.0,1.0,2.0,2.0,62.0,50.0
189,Arunachal Pradesh,2007,1. Male Victims,0.0,2.0,0.0,0.0,0.0,0.0,2.0
190,Assam,2007,1. Male Victims,0.0,109.0,0.0,0.0,0.0,61.0,48.0
191,Bihar,2007,1. Male Victims,10.0,240.0,0.0,0.0,1.0,142.0,87.0
192,Chandigarh,2007,1. Male Victims,1.0,8.0,0.0,0.0,0.0,2.0,5.0
193,Chhattisgarh,2007,1. Male Victims,2.0,31.0,0.0,2.0,2.0,15.0,10.0
194,Delhi,2007,1. Male Victims,3.0,93.0,0.0,1.0,1.0,49.0,39.0
195,Goa,2007,1. Male Victims,2.0,6.0,0.0,0.0,1.0,1.0,3.0
196,Gujarat,2007,1. Male Victims,0.0,16.0,2.0,4.0,0.0,6.0,4.0
197,Haryana,2007,1. Male Victims,2.0,78.0,1.0,0.0,4.0,37.0,34.0
198,Himachal Pradesh,2007,1. Male Victims,0.0,6.0,0.0,0.0,0.0,0.0,6.0
199,Jammu & Kashmir,2007,1. Male Victims,0.0,20.0,1.0,1.0,0.0,8.0,10.0
200,Jharkhand,2007,1. Male Victims,2.0,86.0,0.0,0.0,6.0,42.0,36.0
201,Karnataka,2007,1. Male Victims,1.0,51.0,0.0,2.0,1.0,24.0,23.0
202,Kerala,2007,1. Male Victims,14.0,84.0,2.0,2.0,1.0,24.0,41.0
203,Madhya Pradesh,2007,1. Male Victims,9.0,132.0,6.0,10.0,11.0,52.0,44.0
204,Maharashtra,2007,1. Male Victims,10.0,122.0,1.0,3.0,6.0,54.0,48.0
205,Manipur,2007,1. Male Victims,0.0,2.0,0.0,1.0,0.0,1.0,0.0
206,Meghalaya,2007,1. Male Victims,0.0,8.0,0.0,0.0,0.0,6.0,2.0
207,Mizoram,2007,1. Male Victims,0.0,3.0,0.0,0.0,0.0,2.0,1.0
208,Nagaland,2007,1. Male Victims,0.0,8.0,0.0,0.0,0.0,8.0,0.0
209,Odisha,2007,1. Male Victims,0.0,40.0,0.0,0.0,0.0,37.0,3.0
210,Puducherry,2007,1. Male Victims,2.0,3.0,1.0,1.0,1.0,10.0,1.0
211,Punjab,2007,1. Male Victims,9.0,158.0,4.0,5.0,4.0,48.0,88.0
212,Rajasthan,2007,1. Male Victims,6.0,59.0,1.0,2.0,3.0,16.0,31.0
213,Sikkim,2007,1. Male Victims,2.0,3.0,0.0,0.0,1.0,1.0,2.0
214,Tamil Nadu,2007,1. Male Victims,3.0,25.0,2.0,1.0,0.0,8.0,11.0
215,Tripura,2007,1. Male Victims,2.0,1.0,0.0,0.0,1.0,10.0,1.0
216,Uttar Pradesh,2007,1. Male Victims,150.0,1384.0,30.0,9.0,74.0,606.0,515.0
217,Uttarakhand,2007,1. Male Victims,2.0,39.0,0.0,0.0,1.0,23.0,14.0
218,West Bengal,2007,1. Male Victims,6.0,292.0,3.0,6.0,23.0,166.0,88.0
219,Andhra Pradesh,2008,1. Male Victims,19.0,151.0,0.0,2.0,8.0,51.0,71.0
220,Arunachal Pradesh,2008,1. Male Victims,0.0,2.0,0.0,0.0,0.0,1.0,1.0
221,Assam,2008,1. Male Victims,0.0,71.0,0.0,0.0,0.0,46.0,25.0
222,Bihar,2008,1. Male Victims,27.0,362.0,0.0,0.0,0.0,181.0,154.0
223,Chandigarh,2008,1. Male Victims,0.0,5.0,0.0,0.0,0.0,5.0,0.0
224,Chhattisgarh,2008,1. Male Victims,0.0,14.0,0.0,2.0,0.0,4.0,8.0
225,Delhi,2008,1. Male Victims,2.0,64.0,1.0,1.0,1.0,40.0,19.0
226,Goa,2008,1. Male Victims,2.0,13.0,1.0,1.0,0.0,1.0,8.0
227,Gujarat,2008,1. Male Victims,4.0,72.0,3.0,7.0,1.0,33.0,24.0
228,Haryana,2008,1. Male Victims,3.0,83.0,1.0,5.0,2.0,30.0,42.0
229,Himachal Pradesh,2008,1. Male Victims,0.0,4.0,0.0,0.0,0.0,1.0,3.0
230,Jammu & Kashmir,2008,1. Male Victims,1.0,36.0,0.0,0.0,1.0,23.0,11.0
231,Jharkhand,2008,1. Male Victims,3.0,96.0,0.0,0.0,0.0,69.0,24.0
232,Karnataka,2008,1. Male Victims,5.0,66.0,1.0,2.0,1.0,23.0,34.0
233,Kerala,2008,1. Male Victims,17.0,79.0,1.0,4.0,1.0,24.0,33.0
234,Madhya Pradesh,2008,1. Male Victims,20.0,189.0,4.0,10.0,5.0,79.0,71.0
235,Maharashtra,2008,1. Male Victims,15.0,150.0,4.0,7.0,1.0,41.0,82.0
236,Manipur,2008,1. Male Victims,1.0,2.0,0.0,0.0,0.0,0.0,1.0
237,Meghalaya,2008,1. Male Victims,0.0,6.0,0.0,0.0,0.0,5.0,1.0
238,Mizoram,2008,1. Male Victims,0.0,5.0,0.0,0.0,0.0,4.0,1.0
239,Nagaland,2008,1. Male Victims,0.0,12.0,0.0,0.0,0.0,9.0,3.0
240,Odisha,2008,1. Male Victims,10.0,52.0,0.0,0.0,4.0,20.0,18.0
241,Puducherry,2008,1. Male Victims,1.0,3.0,0.0,0.0,1.0,2.0,8.0
242,Punjab,2008,1. Male Victims,8.0,128.0,4.0,5.0,3.0,46.0,62.0
243,Rajasthan,2008,1. Male Victims,4.0,51.0,0.0,2.0,2.0,19.0,24.0
244,Sikkim,2008,1. Male Victims,2.0,5.0,0.0,0.0,1.0,5.0,8.0
245,Tamil Nadu,2008,1. Male Victims,1.0,24.0,0.0,1.0,1.0,8.0,14.0
246,Tripura,2008,1. Male Victims,2.0,2.0,0.0,0.0,1.0,10.0,1.0
247,Uttar Pradesh,2008,1. Male Victims,114.0,1275.0,9.0,4.0,50.0,645.0,453.0
248,Uttarakhand,2008,1. Male Victims,3.0,34.0,0.0,0.0,1.0,17.0,14.0
249,West Bengal,2008,1. Male Victims,31.0,409.0,0.0,0.0,1.0,182.0,195.0
250,Andaman & Nicobar Islands,2009,1. Male Victims,2.0,4.0,0.0,0.0,1.0,10.0,2.0
251,Andhra Pradesh,2009,1. Male Victims,23.0,113.0,0.0,1.0,1.0,37.0,51.0
252,Arunachal Pradesh,2009,1. Male Victims,0.0,5.0,0.0,0.0,0.0,0.0,5.0
253,Assam,2009,1. Male Victims,0.0,35.0,0.0,0.0,0.0,24.0,11.0
254,Bihar,2009,1. Male Victims,15.0,227.0,0.0,0.0,0.0,128.0,84.0
255,Chandigarh,2009,1. Male Victims,0.0,6.0,0.0,1.0,0.0,3.0,2.0
256,Chhattisgarh,2009,1. Male Victims,1.0,17.0,0.0,2.0,0.0,3.0,11.0
257,Dadra & Nagar Haveli,2009,1. Male Victims,2.0,1.0,0.0,0.0,1.0,10.0,1.0
258,Daman & Diu,2009,1. Male Victims,2.0,1.0,0.0,0.0,1.0,1.0,8.0
259,Delhi,2009,1. Male Victims,3.0,83.0,1.0,0.0,3.0,41.0,35.0
260,Goa,2009,1. Male Victims,2.0,16.0,0.0,0.0,1.0,11.0,2.0
261,Gujarat,2009,1. Male Victims,0.0,40.0,2.0,1.0,1.0,22.0,14.0
262,Haryana,2009,1. Male Victims,7.0,89.0,0.0,2.0,1.0,43.0,36.0
263,Himachal Pradesh,2009,1. Male Victims,3.0,12.0,0.0,0.0,0.0,3.0,6.0
264,Jammu & Kashmir,2009,1. Male Victims,0.0,24.0,0.0,0.0,2.0,10.0,12.0
265,Jharkhand,2009,1. Male Victims,6.0,88.0,0.0,1.0,3.0,33.0,45.0
266,Karnataka,2009,1. Male Victims,3.0,98.0,0.0,1.0,2.0,55.0,37.0
267,Kerala,2009,1. Male Victims,23.0,128.0,5.0,6.0,8.0,25.0,61.0
268,Madhya Pradesh,2009,1. Male Victims,2.0,115.0,6.0,8.0,6.0,53.0,40.0
269,Maharashtra,2009,1. Male Victims,16.0,94.0,2.0,10.0,2.0,28.0,36.0
270,Manipur,2009,1. Male Victims,0.0,2.0,0.0,1.0,1.0,0.0,0.0
271,Meghalaya,2009,1. Male Victims,0.0,12.0,0.0,0.0,0.0,8.0,4.0
272,Mizoram,2009,1. Male Victims,1.0,8.0,0.0,0.0,1.0,2.0,5.0
273,Nagaland,2009,1. Male Victims,2.0,6.0,0.0,0.0,1.0,10.0,6.0
274,Odisha,2009,1. Male Victims,0.0,40.0,0.0,0.0,0.0,21.0,19.0
275,Puducherry,2009,1. Male Victims,2.0,5.0,0.0,2.0,1.0,1.0,2.0
276,Punjab,2009,1. Male Victims,9.0,112.0,2.0,4.0,3.0,35.0,59.0
277,Rajasthan,2009,1. Male Victims,6.0,118.0,1.0,0.0,2.0,52.0,57.0
278,Sikkim,2009,1. Male Victims,2.0,1.0,0.0,0.0,1.0,1.0,8.0
279,Tamil Nadu,2009,1. Male Victims,3.0,24.0,0.0,1.0,1.0,6.0,13.0
280,Tripura,2009,1. Male Victims,0.0,1.0,0.0,0.0,0.0,0.0,1.0
281,Uttar Pradesh,2009,1. Male Victims,117.0,1196.0,14.0,5.0,39.0,560.0,461.0
282,Uttarakhand,2009,1. Male Victims,6.0,43.0,0.0,0.0,1.0,19.0,18.0
283,West Bengal,2009,1. Male Victims,41.0,765.0,8.0,7.0,40.0,384.0,285.0
284,Andaman & Nicobar Islands,2010,1. Male Victims,2.0,1.0,0.0,0.0,1.0,10.0,1.0
285,Andhra Pradesh,2010,1. Male Victims,15.0,129.0,0.0,1.0,2.0,54.0,57.0
286,Arunachal Pradesh,2010,1. Male Victims,0.0,3.0,0.0,0.0,0.0,2.0,1.0
287,Assam,2010,1. Male Victims,2.0,46.0,0.0,0.0,1.0,33.0,13.0
288,Bihar,2010,1. Male Victims,16.0,266.0,0.0,0.0,8.0,164.0,78.0
289,Chandigarh,2010,1. Male Victims,0.0,9.0,0.0,0.0,0.0,1.0,8.0
290,Chhattisgarh,2010,1. Male Victims,4.0,25.0,0.0,3.0,1.0,6.0,11.0
291,Dadra & Nagar Haveli,2010,1. Male Victims,1.0,1.0,0.0,0.0,1.0,10.0,8.0
292,Daman & Diu,2010,1. Male Victims,2.0,1.0,0.0,0.0,1.0,1.0,8.0
293,Delhi,2010,1. Male Victims,3.0,113.0,9.0,7.0,4.0,61.0,29.0
294,Goa,2010,1. Male Victims,0.0,3.0,0.0,1.0,0.0,0.0,2.0
295,Gujarat,2010,1. Male Victims,7.0,69.0,1.0,0.0,0.0,32.0,29.0
296,Haryana,2010,1. Male Victims,3.0,66.0,0.0,1.0,1.0,32.0,29.0
297,Himachal Pradesh,2010,1. Male Victims,2.0,9.0,0.0,0.0,1.0,1.0,5.0
298,Jammu & Kashmir,2010,1. Male Victims,3.0,22.0,0.0,0.0,0.0,9.0,10.0
299,Jharkhand,2010,1. Male Victims,2.0,92.0,0.0,0.0,4.0,43.0,43.0
300,Karnataka,2010,1. Male Victims,6.0,126.0,0.0,0.0,1.0,72.0,47.0
301,Kerala,2010,1. Male Victims,21.0,109.0,0.0,2.0,1.0,41.0,44.0
302,Madhya Pradesh,2010,1. Male Victims,3.0,112.0,3.0,8.0,2.0,48.0,48.0
303,Maharashtra,2010,1. Male Victims,18.0,178.0,5.0,6.0,5.0,92.0,52.0
304,Manipur,2010,1. Male Victims,0.0,0.0,0.0,0.0,0.0,0.0,0.0
305,Meghalaya,2010,1. Male Victims,0.0,8.0,1.0,0.0,1.0,3.0,3.0
306,Mizoram,2010,1. Male Victims,1.0,13.0,0.0,0.0,0.0,5.0,7.0
307,Nagaland,2010,1. Male Victims,2.0,11.0,1.0,0.0,0.0,4.0,4.0
308,Odisha,2010,1. Male Victims,0.0,19.0,0.0,0.0,0.0,9.0,10.0
309,Puducherry,2010,1. Male Victims,4.0,13.0,0.0,1.0,1.0,3.0,5.0
310,Punjab,2010,1. Male Victims,12.0,134.0,2.0,4.0,6.0,48.0,62.0
311,Rajasthan,2010,1. Male Victims,9.0,96.0,0.0,0.0,3.0,33.0,51.0
312,Sikkim,2010,1. Male Victims,2.0,2.0,0.0,0.0,1.0,1.0,1.0
313,Tamil Nadu,2010,1. Male Victims,3.0,29.0,0.0,1.0,2.0,9.0,14.0
314,Tripura,2010,1. Male Victims,0.0,5.0,0.0,1.0,1.0,2.0,1.0
315,Uttar Pradesh,2010,1. Male Victims,126.0,1186.0,16.0,4.0,32.0,587.0,421.0
316,Uttarakhand,2010,1. Male Victims,2.0,49.0,0.0,0.0,1.0,27.0,20.0
317,West Bengal,2010,1. Male Victims,42.0,478.0,2.0,0.0,3.0,315.0,116.0
318,Andhra Pradesh,2001,2. Female Victims,2.0,5.0,0.0,0.0,0.0,3.0,0.0
319,Arunachal Pradesh,2001,2. Female Victims,0.0,0.0,0.0,0.0,0.0,0.0,0.0
320,Assam,2001,2. Female Victims,0.0,2.0,0.0,0.0,1.0,0.0,1.0
321,Bihar,2001,2. Female Victims,0.0,18.0,0.0,0.0,1.0,12.0,5.0
322,Chandigarh,2001,2. Female Victims,0.0,0.0,0.0,0.0,0.0,0.0,0.0
323,Chhattisgarh,2001,2. Female Victims,1.0,7.0,0.0,1.0,0.0,4.0,1.0
324,Delhi,2001,2. Female Victims,1.0,14.0,1.0,2.0,1.0,4.0,6.0
325,Gujarat,2001,2. Female Victims,32.0,221.0,21.0,40.0,17.0,59.0,52.0
326,Haryana,2001,2. Female Victims,1.0,13.0,0.0,1.0,1.0,6.0,4.0
327,Himachal Pradesh,2001,2. Female Victims,0.0,1.0,0.0,0.0,0.0,1.0,0.0
328,Jammu & Kashmir,2001,2. Female Victims,0.0,9.0,0.0,1.0,0.0,2.0,6.0
329,Jharkhand,2001,2. Female Victims,4.0,35.0,0.0,3.0,6.0,13.0,9.0
330,Karnataka,2001,2. Female Victims,2.0,10.0,0.0,2.0,2.0,2.0,2.0
331,Kerala,2001,2. Female Victims,3.0,30.0,1.0,2.0,4.0,12.0,8.0
332,Madhya Pradesh,2001,2. Female Victims,6.0,39.0,2.0,1.0,4.0,18.0,8.0
333,Maharashtra,2001,2. Female Victims,2.0,31.0,1.0,4.0,1.0,19.0,4.0
334,Manipur,2001,2. Female Victims,2.0,2.0,0.0,0.0,1.0,1.0,1.0
335,Meghalaya,2001,2. Female Victims,0.0,0.0,0.0,0.0,0.0,0.0,0.0
336,Mizoram,2001,2. Female Victims,0.0,1.0,0.0,0.0,0.0,1.0,0.0
337,Nagaland,2001,2. Female Victims,0.0,1.0,0.0,0.0,0.0,1.0,0.0
338,Odisha,2001,2. Female Victims,0.0,17.0,0.0,0.0,0.0,17.0,0.0
339,Puducherry,2001,2. Female Victims,1.0,1.0,0.0,0.0,1.0,10.0,8.0
340,Punjab,2001,2. Female Victims,2.0,24.0,0.0,1.0,0.0,16.0,5.0
341,Rajasthan,2001,2. Female Victims,2.0,9.0,0.0,2.0,1.0,3.0,3.0
342,Tamil Nadu,2001,2. Female Victims,2.0,8.0,0.0,0.0,1.0,3.0,2.0
343,Uttar Pradesh,2001,2. Female Victims,7.0,139.0,2.0,1.0,13.0,63.0,53.0
344,Uttarakhand,2001,2. Female Victims,2.0,1.0,0.0,0.0,1.0,10.0,1.0
345,West Bengal,2001,2. Female Victims,1.0,75.0,4.0,0.0,11.0,35.0,24.0
346,Andaman & Nicobar Islands,2002,2. Female Victims,0.0,1.0,0.0,0.0,0.0,1.0,0.0
347,Andhra Pradesh,2002,2. Female Victims,5.0,22.0,0.0,0.0,0.0,8.0,9.0
348,Assam,2002,2. Female Victims,0.0,1.0,0.0,0.0,0.0,1.0,0.0
349,Bihar,2002,2. Female Victims,0.0,19.0,0.0,0.0,2.0,12.0,5.0
350,Chandigarh,2002,2. Female Victims,0.0,0.0,0.0,0.0,0.0,0.0,0.0
351,Chhattisgarh,2002,2. Female Victims,0.0,4.0,1.0,0.0,0.0,2.0,1.0
352,Daman & Diu,2002,2. Female Victims,0.0,0.0,0.0,0.0,0.0,0.0,0.0
353,Delhi,2002,2. Female Victims,0.0,11.0,0.0,3.0,0.0,3.0,5.0
354,Gujarat,2002,2. Female Victims,0.0,3.0,0.0,0.0,0.0,1.0,2.0
355,Haryana,2002,2. Female Victims,1.0,12.0,1.0,1.0,1.0,5.0,3.0
356,Himachal Pradesh,2002,2. Female Victims,0.0,2.0,0.0,0.0,0.0,1.0,1.0
357,Jammu & Kashmir,2002,2. Female Victims,0.0,4.0,0.0,0.0,0.0,2.0,2.0
358,Jharkhand,2002,2. Female Victims,2.0,20.0,2.0,2.0,3.0,6.0,5.0
359,Karnataka,2002,2. Female Victims,1.0,7.0,0.0,1.0,2.0,2.0,1.0
360,Kerala,2002,2. Female Victims,3.0,20.0,0.0,4.0,1.0,8.0,5.0
361,Madhya Pradesh,2002,2. Female Victims,11.0,47.0,1.0,0.0,3.0,18.0,14.0
362,Maharashtra,2002,2. Female Victims,5.0,11.0,0.0,1.0,1.0,1.0,3.0
363,Manipur,2002,2. Female Victims,1.0,2.0,0.0,0.0,1.0,10.0,1.0
364,Meghalaya,2002,2. Female Victims,0.0,0.0,0.0,0.0,0.0,0.0,0.0
365,Mizoram,2002,2. Female Victims,2.0,1.0,0.0,0.0,1.0,10.0,1.0
366,Nagaland,2002,2. Female Victims,0.0,0.0,0.0,0.0,0.0,0.0,0.0
367,Odisha,2002,2. Female Victims,0.0,20.0,0.0,1.0,0.0,13.0,6.0
368,Puducherry,2002,2. Female Victims,2.0,1.0,0.0,0.0,1.0,1.0,8.0
369,Punjab,2002,2. Female Victims,2.0,29.0,0.0,3.0,1.0,11.0,12.0
370,Rajasthan,2002,2. Female Victims,2.0,18.0,0.0,0.0,0.0,15.0,3.0
371,Tamil Nadu,2002,2. Female Victims,0.0,7.0,0.0,0.0,1.0,3.0,3.0
372,Tripura,2002,2. Female Victims,2.0,1.0,0.0,0.0,1.0,1.0,0.0
373,Uttar Pradesh,2002,2. Female Victims,6.0,127.0,2.0,7.0,10.0,68.0,34.0
374,Uttarakhand,2002,2. Female Victims,0.0,4.0,0.0,0.0,1.0,3.0,1.0
375,West Bengal,2002,2. Female Victims,2.0,51.0,1.0,0.0,0.0,35.0,13.0
376,Andhra Pradesh,2003,2. Female Victims,0.0,19.0,0.0,0.0,1.0,9.0,9.0
377,Arunachal Pradesh,2003,2. Female Victims,0.0,0.0,0.0,0.0,0.0,0.0,0.0
378,Assam,2003,2. Female Victims,0.0,18.0,0.0,0.0,0.0,17.0,1.0
379,Bihar,2003,2. Female Victims,0.0,19.0,0.0,0.0,3.0,11.0,5.0
380,Chandigarh,2003,2. Female Victims,0.0,0.0,0.0,0.0,0.0,0.0,0.0
381,Chhattisgarh,2003,2. Female Victims,1.0,13.0,0.0,1.0,0.0,6.0,5.0
382,Daman & Diu,2003,2. Female Victims,0.0,0.0,0.0,0.0,0.0,0.0,0.0
383,Delhi,2003,2. Female Victims,0.0,11.0,0.0,2.0,0.0,4.0,5.0
384,Gujarat,2003,2. Female Victims,0.0,19.0,1.0,0.0,3.0,8.0,7.0
385,Haryana,2003,2. Female Victims,3.0,11.0,0.0,0.0,1.0,4.0,3.0
386,Himachal Pradesh,2003,2. Female Victims,0.0,0.0,0.0,0.0,0.0,0.0,0.0
387,Jammu & Kashmir,2003,2. Female Victims,0.0,3.0,0.0,0.0,0.0,2.0,1.0
388,Jharkhand,2003,2. Female Victims,0.0,34.0,0.0,0.0,2.0,30.0,2.0
389,Karnataka,2003,2. Female Victims,1.0,7.0,0.0,1.0,0.0,3.0,2.0
390,Kerala,2003,2. Female Victims,5.0,43.0,1.0,0.0,1.0,23.0,14.0
391,Madhya Pradesh,2003,2. Female Victims,18.0,162.0,11.0,1.0,13.0,70.0,49.0
392,Maharashtra,2003,2. Female Victims,4.0,28.0,0.0,1.0,1.0,13.0,9.0
393,Manipur,2003,2. Female Victims,0.0,1.0,0.0,0.0,0.0,0.0,1.0
394,Meghalaya,2003,2. Female Victims,0.0,2.0,0.0,0.0,2.0,0.0,0.0
395,Mizoram,2003,2. Female Victims,2.0,1.0,0.0,0.0,1.0,0.0,1.0
396,Nagaland,2003,2. Female Victims,0.0,0.0,0.0,0.0,0.0,0.0,0.0
397,Odisha,2003,2. Female Victims,0.0,146.0,0.0,0.0,0.0,110.0,36.0
398,Punjab,2003,2. Female Victims,0.0,25.0,1.0,1.0,0.0,13.0,10.0
399,Rajasthan,2003,2. Female Victims,2.0,14.0,1.0,0.0,1.0,8.0,3.0
400,Sikkim,2003,2. Female Victims,2.0,2.0,0.0,0.0,1.0,1.0,1.0
401,Tamil Nadu,2003,2. Female Victims,0.0,7.0,0.0,1.0,0.0,6.0,0.0
402,Uttar Pradesh,2003,2. Female Victims,11.0,118.0,3.0,1.0,14.0,45.0,44.0
403,Uttarakhand,2003,2. Female Victims,0.0,2.0,0.0,0.0,0.0,0.0,2.0
404,West Bengal,2003,2. Female Victims,2.0,55.0,1.0,0.0,0.0,41.0,11.0
405,Andaman & Nicobar Islands,2004,2. Female Victims,0.0,1.0,0.0,0.0,0.0,1.0,0.0
406,Andhra Pradesh,2004,2. Female Victims,0.0,22.0,0.0,1.0,0.0,16.0,5.0
407,Arunachal Pradesh,2004,2. Female Victims,0.0,0.0,0.0,0.0,0.0,0.0,0.0
408,Assam,2004,2. Female Victims,1.0,5.0,0.0,0.0,0.0,4.0,0.0
409,Bihar,2004,2. Female Victims,0.0,13.0,0.0,0.0,1.0,10.0,2.0
410,Chhattisgarh,2004,2. Female Victims,1.0,4.0,0.0,0.0,1.0,1.0,1.0
411,Delhi,2004,2. Female Victims,1.0,11.0,0.0,1.0,0.0,5.0,4.0
412,Goa,2004,2. Female Victims,2.0,1.0,0.0,0.0,1.0,10.0,1.0
413,Gujarat,2004,2. Female Victims,0.0,7.0,0.0,3.0,0.0,1.0,3.0
414,Haryana,2004,2. Female Victims,1.0,6.0,1.0,1.0,0.0,1.0,2.0
415,Himachal Pradesh,2004,2. Female Victims,0.0,3.0,0.0,0.0,0.0,2.0,1.0
416,Jammu & Kashmir,2004,2. Female Victims,1.0,5.0,1.0,0.0,1.0,2.0,1.0
417,Jharkhand,2004,2. Female Victims,2.0,37.0,0.0,0.0,2.0,32.0,3.0
418,Karnataka,2004,2. Female Victims,15.0,80.0,3.0,3.0,1.0,38.0,20.0
419,Kerala,2004,2. Female Victims,5.0,72.0,0.0,0.0,1.0,33.0,34.0
420,Madhya Pradesh,2004,2. Female Victims,3.0,45.0,0.0,7.0,1.0,21.0,13.0
421,Maharashtra,2004,2. Female Victims,2.0,25.0,1.0,3.0,0.0,9.0,10.0
422,Manipur,2004,2. Female Victims,0.0,1.0,0.0,0.0,0.0,0.0,1.0
423,Meghalaya,2004,2. Female Victims,1.0,4.0,0.0,1.0,0.0,0.0,2.0
424,Mizoram,2004,2. Female Victims,0.0,1.0,0.0,0.0,0.0,0.0,1.0
425,Nagaland,2004,2. Female Victims,0.0,0.0,0.0,0.0,0.0,0.0,0.0
426,Odisha,2004,2. Female Victims,0.0,7.0,0.0,0.0,0.0,3.0,4.0
427,Punjab,2004,2. Female Victims,4.0,62.0,1.0,1.0,1.0,28.0,27.0
428,Rajasthan,2004,2. Female Victims,2.0,10.0,2.0,0.0,1.0,8.0,8.0
429,Tamil Nadu,2004,2. Female Victims,2.0,56.0,52.0,0.0,0.0,0.0,2.0
430,Uttar Pradesh,2004,2. Female Victims,9.0,174.0,13.0,4.0,12.0,85.0,51.0
431,Uttarakhand,2004,2. Female Victims,0.0,2.0,0.0,0.0,0.0,1.0,1.0
432,West Bengal,2004,2. Female Victims,6.0,65.0,0.0,0.0,0.0,36.0,23.0
433,Andhra Pradesh,2005,2. Female Victims,3.0,17.0,0.0,0.0,0.0,6.0,8.0
434,Arunachal Pradesh,2005,2. Female Victims,0.0,0.0,0.0,0.0,0.0,0.0,0.0
435,Assam,2005,2. Female Victims,0.0,0.0,0.0,0.0,0.0,0.0,0.0
436,Bihar,2005,2. Female Victims,2.0,29.0,0.0,0.0,3.0,15.0,9.0
437,Chandigarh,2005,2. Female Victims,0.0,1.0,0.0,0.0,0.0,0.0,1.0
438,Chhattisgarh,2005,2. Female Victims,1.0,6.0,0.0,0.0,0.0,3.0,2.0
439,Delhi,2005,2. Female Victims,2.0,9.0,0.0,2.0,1.0,5.0,2.0
440,Goa,2005,2. Female Victims,2.0,2.0,0.0,0.0,1.0,2.0,8.0
441,Gujarat,2005,2. Female Victims,0.0,6.0,1.0,0.0,0.0,3.0,2.0
442,Haryana,2005,2. Female Victims,2.0,8.0,0.0,0.0,0.0,4.0,2.0
443,Himachal Pradesh,2005,2. Female Victims,1.0,3.0,0.0,0.0,0.0,1.0,1.0
444,Jammu & Kashmir,2005,2. Female Victims,0.0,5.0,0.0,0.0,0.0,2.0,3.0
445,Jharkhand,2005,2. Female Victims,0.0,16.0,0.0,0.0,2.0,9.0,5.0
446,Karnataka,2005,2. Female Victims,1.0,10.0,0.0,0.0,0.0,5.0,4.0
447,Kerala,2005,2. Female Victims,8.0,32.0,1.0,4.0,2.0,8.0,9.0
448,Madhya Pradesh,2005,2. Female Victims,4.0,39.0,3.0,1.0,3.0,21.0,7.0
449,Maharashtra,2005,2. Female Victims,4.0,27.0,0.0,3.0,1.0,13.0,6.0
450,Manipur,2005,2. Female Victims,0.0,0.0,0.0,0.0,0.0,0.0,0.0
451,Meghalaya,2005,2. Female Victims,0.0,0.0,0.0,0.0,0.0,0.0,0.0
452,Mizoram,2005,2. Female Victims,0.0,0.0,0.0,0.0,0.0,0.0,0.0
453,Nagaland,2005,2. Female Victims,0.0,1.0,0.0,1.0,0.0,0.0,0.0
454,Odisha,2005,2. Female Victims,1.0,9.0,0.0,0.0,0.0,3.0,5.0
455,Puducherry,2005,2. Female Victims,1.0,2.0,0.0,0.0,1.0,10.0,1.0
456,Punjab,2005,2. Female Victims,5.0,42.0,1.0,6.0,8.0,8.0,14.0
457,Rajasthan,2005,2. Female Victims,2.0,6.0,0.0,1.0,1.0,2.0,3.0
458,Sikkim,2005,2. Female Victims,2.0,2.0,0.0,0.0,1.0,1.0,8.0
459,Tamil Nadu,2005,2. Female Victims,2.0,2.0,0.0,0.0,1.0,10.0,2.0
460,Uttar Pradesh,2005,2. Female Victims,18.0,203.0,8.0,1.0,22.0,88.0,66.0
461,Uttarakhand,2005,2. Female Victims,0.0,3.0,0.0,0.0,0.0,2.0,1.0
462,West Bengal,2005,2. Female Victims,5.0,49.0,0.0,0.0,0.0,21.0,23.0
463,Andaman & Nicobar Islands,2006,2. Female Victims,2.0,1.0,0.0,0.0,1.0,1.0,8.0
464,Andhra Pradesh,2006,2. Female Victims,4.0,21.0,0.0,1.0,2.0,7.0,7.0
465,Arunachal Pradesh,2006,2. Female Victims,0.0,0.0,0.0,0.0,0.0,0.0,0.0
466,Assam,2006,2. Female Victims,0.0,0.0,0.0,0.0,0.0,0.0,0.0
467,Bihar,2006,2. Female Victims,0.0,28.0,0.0,0.0,0.0,20.0,8.0
468,Chandigarh,2006,2. Female Victims,0.0,1.0,0.0,0.0,0.0,0.0,1.0
469,Chhattisgarh,2006,2. Female Victims,0.0,5.0,0.0,0.0,0.0,2.0,3.0
470,Dadra & Nagar Haveli,2006,2. Female Victims,0.0,1.0,0.0,0.0,0.0,1.0,0.0
471,Delhi,2006,2. Female Victims,2.0,11.0,0.0,2.0,1.0,5.0,4.0
472,Goa,2006,2. Female Victims,2.0,1.0,0.0,0.0,1.0,10.0,1.0
473,Gujarat,2006,2. Female Victims,0.0,7.0,0.0,0.0,0.0,6.0,1.0
474,Haryana,2006,2. Female Victims,1.0,12.0,0.0,3.0,1.0,4.0,4.0
475,Himachal Pradesh,2006,2. Female Victims,0.0,2.0,0.0,0.0,0.0,2.0,0.0
476,Jammu & Kashmir,2006,2. Female Victims,0.0,6.0,0.0,0.0,0.0,2.0,4.0
477,Jharkhand,2006,2. Female Victims,0.0,16.0,0.0,0.0,3.0,9.0,4.0
478,Karnataka,2006,2. Female Victims,0.0,7.0,1.0,1.0,0.0,4.0,1.0
479,Kerala,2006,2. Female Victims,3.0,15.0,0.0,4.0,1.0,3.0,5.0
480,Madhya Pradesh,2006,2. Female Victims,1.0,19.0,3.0,3.0,0.0,4.0,8.0
481,Maharashtra,2006,2. Female Victims,0.0,21.0,0.0,5.0,0.0,8.0,8.0
482,Manipur,2006,2. Female Victims,0.0,0.0,0.0,0.0,0.0,0.0,0.0
483,Meghalaya,2006,2. Female Victims,0.0,2.0,0.0,1.0,0.0,1.0,0.0
484,Mizoram,2006,2. Female Victims,0.0,2.0,0.0,0.0,0.0,1.0,1.0
485,Nagaland,2006,2. Female Victims,0.0,1.0,0.0,1.0,0.0,0.0,0.0
486,Odisha,2006,2. Female Victims,0.0,18.0,0.0,0.0,0.0,9.0,9.0
487,Punjab,2006,2. Female Victims,1.0,44.0,0.0,2.0,2.0,26.0,13.0
488,Rajasthan,2006,2. Female Victims,2.0,18.0,0.0,0.0,3.0,9.0,4.0
489,Tamil Nadu,2006,2. Female Victims,2.0,21.0,0.0,0.0,1.0,10.0,8.0
490,Uttar Pradesh,2006,2. Female Victims,15.0,179.0,13.0,3.0,13.0,63.0,72.0
491,Uttarakhand,2006,2. Female Victims,0.0,2.0,0.0,0.0,0.0,0.0,2.0
492,West Bengal,2006,2. Female Victims,4.0,43.0,0.0,0.0,0.0,23.0,16.0
493,Andhra Pradesh,2007,2. Female Victims,7.0,26.0,1.0,0.0,0.0,14.0,4.0
494,Arunachal Pradesh,2007,2. Female Victims,0.0,0.0,0.0,0.0,0.0,0.0,0.0
495,Assam,2007,2. Female Victims,0.0,0.0,0.0,0.0,0.0,0.0,0.0
496,Bihar,2007,2. Female Victims,1.0,22.0,0.0,0.0,0.0,12.0,9.0
497,Chandigarh,2007,2. Female Victims,0.0,0.0,0.0,0.0,0.0,0.0,0.0
498,Chhattisgarh,2007,2. Female Victims,0.0,11.0,0.0,2.0,0.0,7.0,2.0
499,Delhi,2007,2. Female Victims,2.0,4.0,0.0,0.0,1.0,3.0,1.0
500,Goa,2007,2. Female Victims,2.0,1.0,0.0,1.0,1.0,10.0,8.0
501,Gujarat,2007,2. Female Victims,0.0,5.0,0.0,1.0,0.0,3.0,1.0
502,Haryana,2007,2. Female Victims,1.0,5.0,1.0,0.0,0.0,2.0,1.0
503,Himachal Pradesh,2007,2. Female Victims,1.0,3.0,0.0,1.0,0.0,0.0,1.0
504,Jammu & Kashmir,2007,2. Female Victims,0.0,8.0,2.0,1.0,1.0,3.0,1.0
505,Jharkhand,2007,2. Female Victims,0.0,6.0,0.0,0.0,0.0,2.0,4.0
506,Karnataka,2007,2. Female Victims,0.0,4.0,0.0,0.0,1.0,2.0,1.0
507,Kerala,2007,2. Female Victims,1.0,14.0,3.0,3.0,1.0,2.0,4.0
508,Madhya Pradesh,2007,2. Female Victims,2.0,23.0,1.0,6.0,1.0,7.0,6.0
509,Maharashtra,2007,2. Female Victims,3.0,26.0,0.0,3.0,1.0,15.0,4.0
510,Manipur,2007,2. Female Victims,0.0,0.0,0.0,0.0,0.0,0.0,0.0
511,Meghalaya,2007,2. Female Victims,0.0,1.0,0.0,0.0,0.0,1.0,0.0
512,Mizoram,2007,2. Female Victims,0.0,1.0,0.0,0.0,0.0,1.0,0.0
513,Nagaland,2007,2. Female Victims,0.0,0.0,0.0,0.0,0.0,0.0,0.0
514,Odisha,2007,2. Female Victims,0.0,6.0,0.0,0.0,0.0,1.0,5.0
515,Punjab,2007,2. Female Victims,4.0,67.0,1.0,4.0,11.0,38.0,9.0
516,Rajasthan,2007,2. Female Victims,2.0,5.0,0.0,1.0,1.0,1.0,1.0
517,Tamil Nadu,2007,2. Female Victims,0.0,5.0,0.0,1.0,0.0,2.0,2.0
518,Tripura,2007,2. Female Victims,2.0,1.0,0.0,0.0,1.0,10.0,1.0
519,Uttar Pradesh,2007,2. Female Victims,13.0,238.0,15.0,4.0,26.0,106.0,74.0
520,Uttarakhand,2007,2. Female Victims,2.0,11.0,0.0,0.0,1.0,9.0,2.0
521,West Bengal,2007,2. Female Victims,7.0,102.0,1.0,0.0,9.0,50.0,35.0
522,Andaman & Nicobar Islands,2008,2. Female Victims,2.0,2.0,0.0,1.0,1.0,10.0,1.0
523,Andhra Pradesh,2008,2. Female Victims,3.0,21.0,0.0,1.0,0.0,12.0,5.0
524,Arunachal Pradesh,2008,2. Female Victims,0.0,0.0,0.0,0.0,0.0,0.0,0.0
525,Assam,2008,2. Female Victims,0.0,0.0,0.0,0.0,0.0,0.0,0.0
526,Bihar,2008,2. Female Victims,1.0,24.0,0.0,0.0,0.0,14.0,9.0
527,Chandigarh,2008,2. Female Victims,0.0,1.0,0.0,0.0,0.0,1.0,0.0
528,Chhattisgarh,2008,2. Female Victims,0.0,4.0,0.0,1.0,0.0,2.0,1.0
529,Delhi,2008,2. Female Victims,2.0,2.0,0.0,0.0,1.0,10.0,2.0
530,Goa,2008,2. Female Victims,1.0,8.0,1.0,1.0,0.0,2.0,3.0
531,Gujarat,2008,2. Female Victims,3.0,27.0,2.0,4.0,2.0,9.0,7.0
532,Haryana,2008,2. Female Victims,1.0,14.0,0.0,0.0,1.0,8.0,4.0
533,Himachal Pradesh,2008,2. Female Victims,0.0,1.0,0.0,0.0,0.0,1.0,0.0
534,Jammu & Kashmir,2008,2. Female Victims,0.0,0.0,0.0,0.0,0.0,0.0,0.0
535,Jharkhand,2008,2. Female Victims,0.0,16.0,0.0,0.0,0.0,11.0,5.0
536,Karnataka,2008,2. Female Victims,1.0,18.0,0.0,0.0,0.0,4.0,13.0
537,Kerala,2008,2. Female Victims,2.0,17.0,2.0,3.0,1.0,5.0,4.0
538,Lakshadweep,2008,2. Female Victims,2.0,0.0,0.0,0.0,1.0,10.0,0.0
539,Madhya Pradesh,2008,2. Female Victims,1.0,50.0,8.0,6.0,2.0,19.0,14.0
540,Maharashtra,2008,2. Female Victims,5.0,51.0,4.0,3.0,1.0,24.0,14.0
541,Manipur,2008,2. Female Victims,0.0,2.0,0.0,0.0,0.0,2.0,0.0
542,Meghalaya,2008,2. Female Victims,0.0,0.0,0.0,0.0,0.0,0.0,0.0
543,Mizoram,2008,2. Female Victims,0.0,1.0,0.0,0.0,0.0,1.0,0.0
544,Nagaland,2008,2. Female Victims,0.0,2.0,0.0,0.0,0.0,1.0,1.0
545,Odisha,2008,2. Female Victims,7.0,32.0,0.0,1.0,2.0,10.0,12.0
546,Punjab,2008,2. Female Victims,4.0,27.0,0.0,2.0,1.0,9.0,12.0
547,Rajasthan,2008,2. Female Victims,2.0,3.0,1.0,0.0,1.0,10.0,2.0
548,Sikkim,2008,2. Female Victims,2.0,1.0,0.0,0.0,1.0,1.0,8.0
549,Tamil Nadu,2008,2. Female Victims,1.0,4.0,0.0,0.0,1.0,3.0,8.0
550,Uttar Pradesh,2008,2. Female Victims,9.0,222.0,2.0,2.0,20.0,121.0,68.0
551,Uttarakhand,2008,2. Female Victims,2.0,6.0,0.0,0.0,1.0,4.0,2.0
552,West Bengal,2008,2. Female Victims,2.0,79.0,0.0,0.0,1.0,63.0,13.0
553,Andhra Pradesh,2009,2. Female Victims,5.0,25.0,1.0,0.0,0.0,11.0,8.0
554,Arunachal Pradesh,2009,2. Female Victims,0.0,0.0,0.0,0.0,0.0,0.0,0.0
555,Assam,2009,2. Female Victims,0.0,0.0,0.0,0.0,0.0,0.0,0.0
556,Bihar,2009,2. Female Victims,1.0,16.0,0.0,0.0,0.0,4.0,11.0
557,Chandigarh,2009,2. Female Victims,0.0,2.0,0.0,1.0,0.0,0.0,1.0
558,Chhattisgarh,2009,2. Female Victims,1.0,2.0,0.0,0.0,0.0,1.0,0.0
559,Delhi,2009,2. Female Victims,0.0,4.0,0.0,0.0,1.0,1.0,3.0
560,Goa,2009,2. Female Victims,0.0,3.0,0.0,2.0,0.0,0.0,1.0
561,Gujarat,2009,2. Female Victims,1.0,20.0,1.0,4.0,4.0,9.0,1.0
562,Haryana,2009,2. Female Victims,1.0,14.0,0.0,4.0,0.0,1.0,8.0
563,Himachal Pradesh,2009,2. Female Victims,1.0,1.0,0.0,0.0,0.0,0.0,0.0
564,Jammu & Kashmir,2009,2. Female Victims,1.0,10.0,0.0,0.0,1.0,5.0,3.0
565,Jharkhand,2009,2. Female Victims,1.0,16.0,1.0,1.0,0.0,10.0,3.0
566,Karnataka,2009,2. Female Victims,0.0,29.0,0.0,1.0,1.0,23.0,4.0
567,Kerala,2009,2. Female Victims,10.0,59.0,6.0,13.0,3.0,8.0,19.0
568,Madhya Pradesh,2009,2. Female Victims,3.0,26.0,2.0,1.0,0.0,11.0,9.0
569,Maharashtra,2009,2. Female Victims,3.0,21.0,1.0,3.0,0.0,12.0,2.0
570,Manipur,2009,2. Female Victims,0.0,0.0,0.0,0.0,0.0,0.0,0.0
571,Meghalaya,2009,2. Female Victims,0.0,1.0,0.0,0.0,0.0,1.0,0.0
572,Nagaland,2009,2. Female Victims,2.0,1.0,0.0,0.0,1.0,10.0,8.0
573,Odisha,2009,2. Female Victims,0.0,8.0,0.0,0.0,0.0,0.0,8.0
574,Punjab,2009,2. Female Victims,3.0,21.0,3.0,1.0,1.0,7.0,6.0
575,Rajasthan,2009,2. Female Victims,2.0,10.0,2.0,0.0,1.0,4.0,4.0
576,Sikkim,2009,2. Female Victims,2.0,2.0,0.0,1.0,1.0,1.0,8.0
577,Tamil Nadu,2009,2. Female Victims,0.0,2.0,0.0,0.0,0.0,1.0,1.0
578,Tripura,2009,2. Female Victims,2.0,1.0,0.0,0.0,0.0,0.0,1.0
579,Uttar Pradesh,2009,2. Female Victims,14.0,259.0,12.0,6.0,17.0,128.0,82.0
580,Uttarakhand,2009,2. Female Victims,2.0,8.0,0.0,0.0,1.0,5.0,3.0
581,West Bengal,2009,2. Female Victims,16.0,192.0,3.0,6.0,18.0,99.0,50.0
582,Andaman & Nicobar Islands,2010,2. Female Victims,2.0,3.0,0.0,0.0,1.0,2.0,1.0
583,Andhra Pradesh,2010,2. Female Victims,11.0,28.0,0.0,0.0,0.0,10.0,7.0
584,Arunachal Pradesh,2010,2. Female Victims,0.0,0.0,0.0,0.0,0.0,0.0,0.0
585,Bihar,2010,2. Female Victims,3.0,78.0,0.0,0.0,1.0,61.0,13.0
586,Chhattisgarh,2010,2. Female Victims,0.0,5.0,0.0,0.0,2.0,1.0,2.0
587,Delhi,2010,2. Female Victims,3.0,31.0,3.0,6.0,3.0,14.0,2.0
588,Goa,2010,2. Female Victims,0.0,1.0,0.0,0.0,0.0,1.0,0.0
589,Gujarat,2010,2. Female Victims,0.0,10.0,1.0,0.0,1.0,4.0,4.0
590,Haryana,2010,2. Female Victims,1.0,3.0,0.0,0.0,0.0,1.0,1.0
591,Himachal Pradesh,2010,2. Female Victims,0.0,3.0,0.0,0.0,0.0,1.0,2.0
592,Jammu & Kashmir,2010,2. Female Victims,0.0,4.0,0.0,0.0,0.0,4.0,0.0
593,Jharkhand,2010,2. Female Victims,1.0,6.0,0.0,0.0,0.0,1.0,4.0
594,Karnataka,2010,2. Female Victims,0.0,29.0,0.0,3.0,0.0,24.0,2.0
595,Kerala,2010,2. Female Victims,5.0,23.0,4.0,0.0,0.0,10.0,4.0
596,Madhya Pradesh,2010,2. Female Victims,1.0,16.0,1.0,3.0,2.0,3.0,6.0
597,Maharashtra,2010,2. Female Victims,3.0,45.0,0.0,5.0,2.0,21.0,14.0
598,Manipur,2010,2. Female Victims,0.0,1.0,0.0,0.0,0.0,1.0,0.0
599,Meghalaya,2010,2. Female Victims,0.0,0.0,0.0,0.0,0.0,0.0,0.0
600,Mizoram,2010,2. Female Victims,0.0,0.0,0.0,0.0,0.0,0.0,0.0
601,Nagaland,2010,2. Female Victims,1.0,4.0,0.0,0.0,0.0,1.0,2.0
602,Odisha,2010,2. Female Victims,0.0,18.0,0.0,0.0,0.0,12.0,6.0
603,Puducherry,2010,2. Female Victims,1.0,4.0,0.0,1.0,1.0,1.0,1.0
604,Punjab,2010,2. Female Victims,6.0,23.0,1.0,0.0,4.0,9.0,3.0
605,Rajasthan,2010,2. Female Victims,2.0,8.0,1.0,1.0,1.0,4.0,2.0
606,Tamil Nadu,2010,2. Female Victims,0.0,4.0,0.0,1.0,0.0,1.0,2.0
607,Tripura,2010,2. Female Victims,2.0,3.0,0.0,2.0,0.0,0.0,1.0
608,Uttar Pradesh,2010,2. Female Victims,11.0,225.0,10.0,5.0,8.0,112.0,79.0
609,Uttarakhand,2010,2. Female Victims,2.0,11.0,0.0,0.0,1.0,7.0,4.0
610,West Bengal,2010,2. Female Victims,14.0,152.0,9.0,1.0,22.0,88.0,18.0
611,Andhra Pradesh,2001,3. Total,19.0,149.0,3.0,1.0,5.0,57.0,64.0
612,Arunachal Pradesh,2001,3. Total,1.0,6.0,0.0,0.0,0.0,3.0,2.0
613,Assam,2001,3. Total,2.0,40.0,0.0,0.0,1.0,20.0,17.0
614,Bihar,2001,3. Total,20.0,250.0,3.0,0.0,20.0,128.0,79.0
615,Chandigarh,2001,3. Total,0.0,6.0,0.0,0.0,0.0,6.0,0.0
616,Chhattisgarh,2001,3. Total,9.0,80.0,2.0,3.0,3.0,37.0,26.0
617,Delhi,2001,3. Total,1.0,77.0,2.0,3.0,10.0,35.0,26.0
618,Goa,2001,3. Total,2.0,5.0,0.0,0.0,1.0,3.0,8.0
619,Gujarat,2001,3. Total,50.0,451.0,44.0,84.0,28.0,120.0,125.0
620,Haryana,2001,3. Total,4.0,80.0,0.0,5.0,3.0,38.0,30.0
621,Himachal Pradesh,2001,3. Total,1.0,11.0,1.0,0.0,2.0,3.0,4.0
622,Jammu & Kashmir,2001,3. Total,0.0,36.0,8.0,1.0,8.0,8.0,11.0
623,Jharkhand,2001,3. Total,9.0,143.0,1.0,5.0,12.0,65.0,51.0
624,Karnataka,2001,3. Total,5.0,77.0,5.0,4.0,7.0,29.0,27.0
625,Kerala,2001,3. Total,10.0,111.0,5.0,5.0,4.0,35.0,52.0
626,Madhya Pradesh,2001,3. Total,13.0,125.0,5.0,3.0,7.0,62.0,35.0
627,Maharashtra,2001,3. Total,8.0,134.0,6.0,7.0,11.0,66.0,36.0
628,Manipur,2001,3. Total,2.0,5.0,0.0,0.0,1.0,3.0,2.0
629,Meghalaya,2001,3. Total,0.0,2.0,0.0,0.0,0.0,1.0,1.0
630,Mizoram,2001,3. Total,2.0,14.0,1.0,0.0,1.0,4.0,6.0
631,Nagaland,2001,3. Total,0.0,37.0,0.0,0.0,7.0,19.0,11.0
632,Odisha,2001,3. Total,0.0,55.0,0.0,0.0,5.0,34.0,16.0
633,Puducherry,2001,3. Total,1.0,1.0,0.0,0.0,1.0,10.0,8.0
634,Punjab,2001,3. Total,7.0,80.0,0.0,4.0,2.0,34.0,33.0
635,Rajasthan,2001,3. Total,3.0,63.0,0.0,3.0,1.0,21.0,35.0
636,Sikkim,2001,3. Total,2.0,7.0,0.0,0.0,1.0,6.0,1.0
637,Tamil Nadu,2001,3. Total,6.0,19.0,1.0,1.0,4.0,4.0,3.0
638,Uttar Pradesh,2001,3. Total,123.0,1225.0,9.0,5.0,75.0,493.0,520.0
639,Uttarakhand,2001,3. Total,6.0,39.0,0.0,0.0,1.0,14.0,18.0
640,West Bengal,2001,3. Total,23.0,588.0,20.0,1.0,39.0,274.0,231.0
641,Andaman & Nicobar Islands,2002,3. Total,0.0,1.0,0.0,0.0,0.0,1.0,0.0
642,Andhra Pradesh,2002,3. Total,15.0,203.0,2.0,2.0,7.0,86.0,91.0
643,Arunachal Pradesh,2002,3. Total,1.0,6.0,0.0,0.0,1.0,5.0,8.0
644,Assam,2002,3. Total,4.0,55.0,0.0,0.0,0.0,29.0,22.0
645,Bihar,2002,3. Total,18.0,400.0,1.0,0.0,17.0,201.0,163.0
646,Chandigarh,2002,3. Total,0.0,7.0,0.0,0.0,0.0,4.0,3.0
647,Chhattisgarh,2002,3. Total,3.0,24.0,1.0,2.0,3.0,9.0,6.0
648,Daman & Diu,2002,3. Total,0.0,0.0,0.0,0.0,0.0,0.0,0.0
649,Delhi,2002,3. Total,3.0,79.0,1.0,8.0,3.0,37.0,27.0
650,Goa,2002,3. Total,1.0,6.0,0.0,0.0,1.0,3.0,2.0
651,Gujarat,2002,3. Total,6.0,27.0,0.0,0.0,0.0,7.0,14.0
652,Haryana,2002,3. Total,2.0,95.0,1.0,3.0,6.0,45.0,38.0
653,Himachal Pradesh,2002,3. Total,1.0,6.0,1.0,0.0,0.0,1.0,3.0
654,Jammu & Kashmir,2002,3. Total,1.0,32.0,0.0,0.0,2.0,13.0,16.0
655,Jharkhand,2002,3. Total,8.0,115.0,5.0,3.0,7.0,45.0,47.0
656,Karnataka,2002,3. Total,4.0,59.0,0.0,6.0,6.0,22.0,21.0
657,Kerala,2002,3. Total,13.0,210.0,4.0,4.0,1.0,101.0,87.0
658,Madhya Pradesh,2002,3. Total,34.0,229.0,15.0,4.0,19.0,91.0,66.0
659,Maharashtra,2002,3. Total,14.0,110.0,1.0,4.0,2.0,46.0,43.0
660,Manipur,2002,3. Total,2.0,3.0,0.0,0.0,1.0,10.0,1.0
661,Meghalaya,2002,3. Total,0.0,3.0,0.0,0.0,0.0,2.0,1.0
662,Mizoram,2002,3. Total,2.0,5.0,0.0,0.0,2.0,1.0,2.0
663,Nagaland,2002,3. Total,0.0,6.0,0.0,0.0,0.0,4.0,2.0
664,Odisha,2002,3. Total,1.0,63.0,0.0,1.0,2.0,28.0,31.0
665,Puducherry,2002,3. Total,2.0,2.0,0.0,0.0,1.0,1.0,1.0
666,Punjab,2002,3. Total,3.0,132.0,0.0,6.0,2.0,58.0,63.0
667,Rajasthan,2002,3. Total,4.0,68.0,1.0,0.0,1.0,32.0,30.0
668,Sikkim,2002,3. Total,2.0,2.0,0.0,0.0,1.0,10.0,2.0
669,Tamil Nadu,2002,3. Total,0.0,37.0,0.0,0.0,5.0,12.0,20.0
670,Tripura,2002,3. Total,2.0,1.0,0.0,0.0,1.0,1.0,8.0
671,Uttar Pradesh,2002,3. Total,90.0,1282.0,12.0,11.0,76.0,608.0,485.0
672,Uttarakhand,2002,3. Total,5.0,48.0,0.0,0.0,1.0,21.0,22.0
673,West Bengal,2002,3. Total,17.0,540.0,1.0,0.0,2.0,342.0,178.0
674,Andaman & Nicobar Islands,2003,3. Total,0.0,1.0,0.0,0.0,0.0,1.0,0.0
675,Andhra Pradesh,2003,3. Total,11.0,180.0,0.0,0.0,2.0,95.0,72.0
676,Arunachal Pradesh,2003,3. Total,0.0,3.0,0.0,0.0,0.0,3.0,0.0
677,Assam,2003,3. Total,0.0,48.0,0.0,0.0,0.0,37.0,11.0
678,Bihar,2003,3. Total,21.0,318.0,4.0,0.0,24.0,185.0,84.0
679,Chandigarh,2003,3. Total,0.0,2.0,0.0,0.0,0.0,2.0,0.0
680,Chhattisgarh,2003,3. Total,4.0,57.0,0.0,1.0,5.0,29.0,18.0
681,Dadra & Nagar Haveli,2003,3. Total,0.0,1.0,0.0,0.0,1.0,10.0,1.0
682,Daman & Diu,2003,3. Total,0.0,0.0,0.0,0.0,0.0,0.0,0.0
683,Delhi,2003,3. Total,3.0,79.0,1.0,4.0,2.0,40.0,29.0
684,Goa,2003,3. Total,3.0,14.0,0.0,0.0,1.0,5.0,6.0
685,Gujarat,2003,3. Total,1.0,75.0,3.0,2.0,7.0,42.0,20.0
686,Haryana,2003,3. Total,6.0,82.0,0.0,5.0,5.0,26.0,40.0
687,Himachal Pradesh,2003,3. Total,0.0,5.0,1.0,0.0,0.0,1.0,3.0
688,Jammu & Kashmir,2003,3. Total,2.0,29.0,0.0,0.0,0.0,14.0,13.0
689,Jharkhand,2003,3. Total,4.0,109.0,1.0,0.0,4.0,58.0,42.0
690,Karnataka,2003,3. Total,7.0,74.0,2.0,2.0,1.0,23.0,39.0
691,Kerala,2003,3. Total,40.0,352.0,6.0,1.0,1.0,205.0,99.0
692,Madhya Pradesh,2003,3. Total,28.0,203.0,11.0,1.0,15.0,86.0,62.0
693,Maharashtra,2003,3. Total,16.0,146.0,2.0,2.0,3.0,53.0,70.0
694,Manipur,2003,3. Total,0.0,6.0,0.0,0.0,0.0,3.0,3.0
695,Meghalaya,2003,3. Total,0.0,17.0,1.0,0.0,3.0,12.0,1.0
696,Mizoram,2003,3. Total,0.0,3.0,0.0,0.0,0.0,2.0,1.0
697,Nagaland,2003,3. Total,0.0,12.0,0.0,0.0,0.0,6.0,6.0
698,Odisha,2003,3. Total,1.0,191.0,0.0,0.0,0.0,132.0,58.0
699,Punjab,2003,3. Total,7.0,156.0,2.0,2.0,6.0,48.0,91.0
700,Rajasthan,2003,3. Total,4.0,61.0,3.0,1.0,1.0,26.0,26.0
701,Sikkim,2003,3. Total,2.0,3.0,0.0,0.0,1.0,2.0,1.0
702,Tamil Nadu,2003,3. Total,2.0,29.0,1.0,1.0,1.0,11.0,13.0
703,Uttar Pradesh,2003,3. Total,141.0,1525.0,21.0,3.0,91.0,637.0,632.0
704,Uttarakhand,2003,3. Total,2.0,35.0,0.0,0.0,0.0,12.0,21.0
705,West Bengal,2003,3. Total,23.0,486.0,2.0,0.0,2.0,283.0,176.0
706,Andaman & Nicobar Islands,2004,3. Total,2.0,2.0,0.0,0.0,0.0,2.0,0.0
707,Andhra Pradesh,2004,3. Total,6.0,163.0,1.0,1.0,0.0,90.0,65.0
708,Arunachal Pradesh,2004,3. Total,0.0,1.0,0.0,0.0,0.0,1.0,0.0
709,Assam,2004,3. Total,2.0,63.0,0.0,0.0,0.0,43.0,18.0
710,Bihar,2004,3. Total,14.0,280.0,0.0,1.0,10.0,150.0,105.0
711,Chandigarh,2004,3. Total,0.0,10.0,0.0,0.0,0.0,2.0,8.0
712,Chhattisgarh,2004,3. Total,5.0,25.0,0.0,0.0,3.0,11.0,6.0
713,Delhi,2004,3. Total,7.0,111.0,0.0,5.0,2.0,65.0,32.0
714,Goa,2004,3. Total,1.0,6.0,0.0,0.0,1.0,1.0,4.0
715,Gujarat,2004,3. Total,0.0,33.0,0.0,7.0,2.0,9.0,15.0
716,Haryana,2004,3. Total,3.0,65.0,1.0,5.0,1.0,25.0,30.0
717,Himachal Pradesh,2004,3. Total,2.0,12.0,0.0,0.0,0.0,3.0,7.0
718,Jammu & Kashmir,2004,3. Total,3.0,30.0,1.0,1.0,1.0,9.0,16.0
719,Jharkhand,2004,3. Total,4.0,115.0,1.0,0.0,4.0,62.0,44.0
720,Karnataka,2004,3. Total,30.0,284.0,5.0,7.0,2.0,121.0,119.0
721,Kerala,2004,3. Total,40.0,490.0,8.0,5.0,14.0,234.0,189.0
722,Madhya Pradesh,2004,3. Total,14.0,246.0,14.0,11.0,9.0,111.0,87.0
723,Maharashtra,2004,3. Total,31.0,214.0,1.0,7.0,2.0,60.0,113.0
724,Manipur,2004,3. Total,0.0,3.0,0.0,0.0,0.0,2.0,1.0
725,Meghalaya,2004,3. Total,1.0,11.0,0.0,1.0,0.0,4.0,5.0
726,Mizoram,2004,3. Total,0.0,2.0,0.0,0.0,0.0,1.0,1.0
727,Nagaland,2004,3. Total,0.0,5.0,0.0,0.0,0.0,2.0,3.0
728,Odisha,2004,3. Total,2.0,25.0,0.0,0.0,0.0,9.0,14.0
729,Puducherry,2004,3. Total,7.0,14.0,0.0,0.0,1.0,2.0,5.0
730,Punjab,2004,3. Total,23.0,222.0,2.0,8.0,7.0,100.0,82.0
731,Rajasthan,2004,3. Total,2.0,62.0,2.0,1.0,1.0,31.0,28.0
732,Sikkim,2004,3. Total,0.0,3.0,0.0,0.0,0.0,2.0,1.0
733,Tamil Nadu,2004,3. Total,3.0,119.0,94.0,0.0,0.0,11.0,11.0
734,Uttar Pradesh,2004,3. Total,117.0,1436.0,33.0,14.0,77.0,655.0,540.0
735,Uttarakhand,2004,3. Total,2.0,29.0,0.0,0.0,0.0,16.0,11.0
736,West Bengal,2004,3. Total,39.0,468.0,1.0,0.0,0.0,256.0,172.0
737,Andaman & Nicobar Islands,2005,3. Total,2.0,3.0,0.0,0.0,1.0,1.0,2.0
738,Andhra Pradesh,2005,3. Total,9.0,111.0,2.0,1.0,2.0,47.0,50.0
739,Arunachal Pradesh,2005,3. Total,0.0,5.0,0.0,0.0,0.0,5.0,0.0
740,Assam,2005,3. Total,2.0,117.0,0.0,0.0,0.0,69.0,46.0
741,Bihar,2005,3. Total,10.0,259.0,1.0,0.0,9.0,145.0,94.0
742,Chandigarh,2005,3. Total,0.0,4.0,0.0,0.0,0.0,2.0,2.0
743,Chhattisgarh,2005,3. Total,5.0,59.0,1.0,2.0,6.0,18.0,27.0
744,Daman & Diu,2005,3. Total,2.0,4.0,0.0,0.0,1.0,4.0,8.0
745,Delhi,2005,3. Total,2.0,78.0,3.0,4.0,4.0,36.0,31.0
746,Goa,2005,3. Total,1.0,5.0,0.0,0.0,1.0,2.0,2.0
747,Gujarat,2005,3. Total,1.0,37.0,1.0,1.0,0.0,16.0,18.0
748,Haryana,2005,3. Total,4.0,59.0,0.0,4.0,2.0,24.0,25.0
749,Himachal Pradesh,2005,3. Total,2.0,22.0,0.0,0.0,1.0,10.0,9.0
750,Jammu & Kashmir,2005,3. Total,1.0,37.0,0.0,1.0,0.0,18.0,17.0
751,Jharkhand,2005,3. Total,0.0,95.0,0.0,0.0,8.0,44.0,43.0
752,Karnataka,2005,3. Total,4.0,82.0,1.0,0.0,3.0,37.0,37.0
753,Kerala,2005,3. Total,24.0,110.0,1.0,6.0,5.0,30.0,44.0
754,Madhya Pradesh,2005,3. Total,19.0,226.0,15.0,6.0,15.0,96.0,75.0
755,Maharashtra,2005,3. Total,12.0,114.0,2.0,10.0,4.0,42.0,44.0
756,Manipur,2005,3. Total,0.0,4.0,0.0,0.0,0.0,2.0,2.0
757,Meghalaya,2005,3. Total,1.0,2.0,0.0,0.0,0.0,1.0,0.0
758,Mizoram,2005,3. Total,0.0,5.0,0.0,0.0,0.0,5.0,0.0
759,Nagaland,2005,3. Total,0.0,8.0,0.0,1.0,0.0,2.0,5.0
760,Odisha,2005,3. Total,2.0,55.0,2.0,4.0,1.0,24.0,22.0
761,Puducherry,2005,3. Total,2.0,8.0,0.0,0.0,1.0,1.0,5.0
762,Punjab,2005,3. Total,40.0,295.0,8.0,15.0,27.0,94.0,111.0
763,Rajasthan,2005,3. Total,6.0,59.0,1.0,2.0,4.0,20.0,26.0
764,Sikkim,2005,3. Total,2.0,2.0,0.0,0.0,1.0,1.0,8.0
765,Tamil Nadu,2005,3. Total,2.0,34.0,1.0,0.0,1.0,14.0,16.0
766,Tripura,2005,3. Total,1.0,1.0,0.0,0.0,1.0,10.0,8.0
767,Uttar Pradesh,2005,3. Total,157.0,1551.0,32.0,10.0,112.0,656.0,584.0
768,Uttarakhand,2005,3. Total,1.0,30.0,0.0,0.0,0.0,19.0,10.0
769,West Bengal,2005,3. Total,27.0,408.0,0.0,0.0,0.0,225.0,156.0
770,Andaman & Nicobar Islands,2006,3. Total,2.0,1.0,0.0,0.0,1.0,1.0,8.0
771,Andhra Pradesh,2006,3. Total,9.0,141.0,2.0,1.0,4.0,67.0,58.0
772,Arunachal Pradesh,2006,3. Total,0.0,3.0,0.0,0.0,0.0,1.0,2.0
773,Assam,2006,3. Total,0.0,32.0,0.0,0.0,0.0,18.0,14.0
774,Bihar,2006,3. Total,12.0,326.0,0.0,0.0,0.0,194.0,120.0
775,Chandigarh,2006,3. Total,0.0,8.0,0.0,0.0,0.0,5.0,3.0
776,Chhattisgarh,2006,3. Total,2.0,24.0,2.0,1.0,0.0,7.0,12.0
777,Dadra & Nagar Haveli,2006,3. Total,0.0,1.0,0.0,0.0,0.0,1.0,0.0
778,Delhi,2006,3. Total,2.0,78.0,0.0,2.0,3.0,33.0,38.0
779,Goa,2006,3. Total,2.0,3.0,1.0,0.0,1.0,10.0,2.0
780,Gujarat,2006,3. Total,1.0,27.0,1.0,0.0,1.0,11.0,13.0
781,Haryana,2006,3. Total,5.0,59.0,0.0,3.0,3.0,22.0,26.0
782,Himachal Pradesh,2006,3. Total,0.0,21.0,0.0,0.0,0.0,8.0,13.0
783,Jammu & Kashmir,2006,3. Total,1.0,40.0,0.0,0.0,0.0,23.0,16.0
784,Jharkhand,2006,3. Total,3.0,97.0,3.0,0.0,10.0,43.0,38.0
785,Karnataka,2006,3. Total,4.0,71.0,1.0,4.0,2.0,34.0,26.0
786,Kerala,2006,3. Total,21.0,117.0,4.0,5.0,1.0,29.0,57.0
787,Madhya Pradesh,2006,3. Total,17.0,138.0,5.0,15.0,7.0,42.0,52.0
788,Maharashtra,2006,3. Total,10.0,110.0,4.0,7.0,1.0,48.0,40.0
789,Manipur,2006,3. Total,0.0,4.0,0.0,0.0,0.0,3.0,1.0
790,Meghalaya,2006,3. Total,0.0,8.0,0.0,1.0,0.0,5.0,2.0
791,Mizoram,2006,3. Total,0.0,10.0,0.0,0.0,1.0,4.0,5.0
792,Nagaland,2006,3. Total,0.0,8.0,0.0,1.0,0.0,5.0,2.0
793,Odisha,2006,3. Total,0.0,58.0,0.0,0.0,0.0,35.0,23.0
794,Puducherry,2006,3. Total,1.0,3.0,0.0,0.0,1.0,1.0,1.0
795,Punjab,2006,3. Total,9.0,195.0,4.0,3.0,8.0,96.0,75.0
796,Rajasthan,2006,3. Total,4.0,79.0,2.0,0.0,6.0,31.0,36.0
797,Sikkim,2006,3. Total,2.0,3.0,0.0,1.0,1.0,10.0,2.0
798,Tamil Nadu,2006,3. Total,4.0,22.0,1.0,1.0,1.0,7.0,8.0
799,Tripura,2006,3. Total,2.0,1.0,1.0,0.0,1.0,10.0,8.0
800,Uttar Pradesh,2006,3. Total,148.0,1543.0,35.0,9.0,72.0,591.0,688.0
801,Uttarakhand,2006,3. Total,1.0,40.0,0.0,0.0,0.0,19.0,20.0
802,West Bengal,2006,3. Total,21.0,402.0,0.0,0.0,0.0,231.0,150.0
803,Andaman & Nicobar Islands,2007,3. Total,2.0,1.0,1.0,0.0,1.0,10.0,8.0
804,Andhra Pradesh,2007,3. Total,26.0,162.0,2.0,2.0,2.0,76.0,54.0
805,Arunachal Pradesh,2007,3. Total,0.0,2.0,0.0,0.0,0.0,0.0,2.0
806,Assam,2007,3. Total,0.0,109.0,0.0,0.0,0.0,61.0,48.0
807,Bihar,2007,3. Total,11.0,262.0,0.0,0.0,1.0,154.0,96.0
808,Chandigarh,2007,3. Total,1.0,8.0,0.0,0.0,0.0,2.0,5.0
809,Chhattisgarh,2007,3. Total,2.0,42.0,0.0,4.0,2.0,22.0,12.0
810,Delhi,2007,3. Total,3.0,97.0,0.0,1.0,1.0,52.0,40.0
811,Goa,2007,3. Total,2.0,7.0,0.0,1.0,1.0,1.0,3.0
812,Gujarat,2007,3. Total,0.0,21.0,2.0,5.0,0.0,9.0,5.0
813,Haryana,2007,3. Total,3.0,83.0,2.0,0.0,4.0,39.0,35.0
814,Himachal Pradesh,2007,3. Total,1.0,9.0,0.0,1.0,0.0,0.0,7.0
815,Jammu & Kashmir,2007,3. Total,0.0,28.0,3.0,2.0,1.0,11.0,11.0
816,Jharkhand,2007,3. Total,2.0,92.0,0.0,0.0,6.0,44.0,40.0
817,Karnataka,2007,3. Total,1.0,55.0,0.0,2.0,2.0,26.0,24.0
818,Kerala,2007,3. Total,15.0,98.0,5.0,5.0,2.0,26.0,45.0
819,Madhya Pradesh,2007,3. Total,11.0,155.0,7.0,16.0,12.0,59.0,50.0
820,Maharashtra,2007,3. Total,13.0,148.0,1.0,6.0,7.0,69.0,52.0
821,Manipur,2007,3. Total,0.0,2.0,0.0,1.0,0.0,1.0,0.0
822,Meghalaya,2007,3. Total,0.0,9.0,0.0,0.0,0.0,7.0,2.0
823,Mizoram,2007,3. Total,0.0,4.0,0.0,0.0,0.0,3.0,1.0
824,Nagaland,2007,3. Total,0.0,8.0,0.0,0.0,0.0,8.0,0.0
825,Odisha,2007,3. Total,0.0,46.0,0.0,0.0,0.0,38.0,8.0
826,Puducherry,2007,3. Total,2.0,3.0,1.0,1.0,1.0,10.0,1.0
827,Punjab,2007,3. Total,13.0,225.0,5.0,9.0,15.0,86.0,97.0
828,Rajasthan,2007,3. Total,8.0,64.0,1.0,3.0,3.0,17.0,32.0
829,Sikkim,2007,3. Total,2.0,3.0,0.0,0.0,1.0,1.0,2.0
830,Tamil Nadu,2007,3. Total,3.0,30.0,2.0,2.0,0.0,10.0,13.0
831,Tripura,2007,3. Total,2.0,2.0,0.0,0.0,1.0,10.0,2.0
832,Uttar Pradesh,2007,3. Total,163.0,1622.0,45.0,13.0,100.0,712.0,589.0
833,Uttarakhand,2007,3. Total,2.0,50.0,0.0,0.0,1.0,32.0,16.0
834,West Bengal,2007,3. Total,13.0,394.0,4.0,6.0,32.0,216.0,123.0
835,Andaman & Nicobar Islands,2008,3. Total,2.0,2.0,0.0,1.0,1.0,10.0,1.0
836,Andhra Pradesh,2008,3. Total,22.0,172.0,0.0,3.0,8.0,63.0,76.0
837,Arunachal Pradesh,2008,3. Total,0.0,2.0,0.0,0.0,0.0,1.0,1.0
838,Assam,2008,3. Total,0.0,71.0,0.0,0.0,0.0,46.0,25.0
839,Bihar,2008,3. Total,28.0,386.0,0.0,0.0,0.0,195.0,163.0
840,Chandigarh,2008,3. Total,0.0,6.0,0.0,0.0,0.0,6.0,0.0
841,Chhattisgarh,2008,3. Total,0.0,18.0,0.0,3.0,0.0,6.0,9.0
842,Delhi,2008,3. Total,2.0,66.0,1.0,1.0,1.0,40.0,21.0
843,Goa,2008,3. Total,3.0,21.0,2.0,2.0,0.0,3.0,11.0
844,Gujarat,2008,3. Total,7.0,99.0,5.0,11.0,3.0,42.0,31.0
845,Haryana,2008,3. Total,4.0,97.0,1.0,5.0,3.0,38.0,46.0
846,Himachal Pradesh,2008,3. Total,0.0,5.0,0.0,0.0,0.0,2.0,3.0
847,Jammu & Kashmir,2008,3. Total,1.0,36.0,0.0,0.0,1.0,23.0,11.0
848,Jharkhand,2008,3. Total,3.0,112.0,0.0,0.0,0.0,80.0,29.0
849,Karnataka,2008,3. Total,6.0,84.0,1.0,2.0,1.0,27.0,47.0
850,Kerala,2008,3. Total,19.0,96.0,3.0,7.0,1.0,29.0,37.0
851,Lakshadweep,2008,3. Total,2.0,0.0,0.0,0.0,1.0,10.0,0.0
852,Madhya Pradesh,2008,3. Total,21.0,239.0,12.0,16.0,7.0,98.0,85.0
853,Maharashtra,2008,3. Total,20.0,201.0,8.0,10.0,2.0,65.0,96.0
854,Manipur,2008,3. Total,1.0,4.0,0.0,0.0,0.0,2.0,1.0
855,Meghalaya,2008,3. Total,0.0,6.0,0.0,0.0,0.0,5.0,1.0
856,Mizoram,2008,3. Total,0.0,6.0,0.0,0.0,0.0,5.0,1.0
857,Nagaland,2008,3. Total,0.0,14.0,0.0,0.0,0.0,10.0,4.0
858,Odisha,2008,3. Total,17.0,84.0,0.0,1.0,6.0,30.0,30.0
859,Puducherry,2008,3. Total,1.0,3.0,0.0,0.0,1.0,2.0,8.0
860,Punjab,2008,3. Total,12.0,155.0,4.0,7.0,3.0,55.0,74.0
861,Rajasthan,2008,3. Total,4.0,54.0,1.0,2.0,2.0,19.0,26.0
862,Sikkim,2008,3. Total,2.0,6.0,0.0,0.0,1.0,6.0,8.0
863,Tamil Nadu,2008,3. Total,2.0,28.0,0.0,1.0,1.0,11.0,14.0
864,Tripura,2008,3. Total,2.0,2.0,0.0,0.0,1.0,10.0,1.0
865,Uttar Pradesh,2008,3. Total,123.0,1497.0,11.0,6.0,70.0,766.0,521.0
866,Uttarakhand,2008,3. Total,3.0,40.0,0.0,0.0,1.0,21.0,16.0
867,West Bengal,2008,3. Total,33.0,488.0,0.0,0.0,2.0,245.0,208.0
868,Andaman & Nicobar Islands,2009,3. Total,2.0,4.0,0.0,0.0,1.0,10.0,2.0
869,Andhra Pradesh,2009,3. Total,28.0,138.0,1.0,1.0,1.0,48.0,59.0
870,Arunachal Pradesh,2009,3. Total,0.0,5.0,0.0,0.0,0.0,0.0,5.0
871,Assam,2009,3. Total,0.0,35.0,0.0,0.0,0.0,24.0,11.0
872,Bihar,2009,3. Total,16.0,243.0,0.0,0.0,0.0,132.0,95.0
873,Chandigarh,2009,3. Total,0.0,8.0,0.0,2.0,0.0,3.0,3.0
874,Chhattisgarh,2009,3. Total,2.0,19.0,0.0,2.0,0.0,4.0,11.0
875,Dadra & Nagar Haveli,2009,3. Total,2.0,1.0,0.0,0.0,1.0,10.0,1.0
876,Daman & Diu,2009,3. Total,2.0,1.0,0.0,0.0,1.0,1.0,8.0
877,Delhi,2009,3. Total,3.0,87.0,1.0,0.0,3.0,42.0,38.0
878,Goa,2009,3. Total,2.0,19.0,0.0,2.0,1.0,11.0,3.0
879,Gujarat,2009,3. Total,1.0,60.0,3.0,5.0,5.0,31.0,15.0
880,Haryana,2009,3. Total,8.0,103.0,0.0,6.0,1.0,44.0,44.0
881,Himachal Pradesh,2009,3. Total,4.0,13.0,0.0,0.0,0.0,3.0,6.0
882,Jammu & Kashmir,2009,3. Total,1.0,34.0,0.0,0.0,3.0,15.0,15.0
883,Jharkhand,2009,3. Total,7.0,104.0,1.0,2.0,3.0,43.0,48.0
884,Karnataka,2009,3. Total,3.0,127.0,0.0,2.0,3.0,78.0,41.0
885,Kerala,2009,3. Total,33.0,187.0,11.0,19.0,11.0,33.0,80.0
886,Madhya Pradesh,2009,3. Total,5.0,141.0,8.0,9.0,6.0,64.0,49.0
887,Maharashtra,2009,3. Total,19.0,115.0,3.0,13.0,2.0,40.0,38.0
888,Manipur,2009,3. Total,0.0,2.0,0.0,1.0,1.0,0.0,0.0
889,Meghalaya,2009,3. Total,0.0,13.0,0.0,0.0,0.0,9.0,4.0
890,Mizoram,2009,3. Total,1.0,8.0,0.0,0.0,1.0,2.0,5.0
891,Nagaland,2009,3. Total,2.0,7.0,0.0,0.0,1.0,10.0,6.0
892,Odisha,2009,3. Total,0.0,48.0,0.0,0.0,0.0,21.0,27.0
893,Puducherry,2009,3. Total,2.0,5.0,0.0,2.0,1.0,1.0,2.0
894,Punjab,2009,3. Total,12.0,133.0,5.0,5.0,4.0,42.0,65.0
895,Rajasthan,2009,3. Total,6.0,128.0,3.0,0.0,2.0,56.0,61.0
896,Sikkim,2009,3. Total,2.0,3.0,0.0,1.0,1.0,2.0,8.0
897,Tamil Nadu,2009,3. Total,3.0,26.0,0.0,1.0,1.0,7.0,14.0
898,Tripura,2009,3. Total,0.0,2.0,0.0,0.0,0.0,0.0,2.0
899,Uttar Pradesh,2009,3. Total,131.0,1455.0,26.0,11.0,56.0,688.0,543.0
900,Uttarakhand,2009,3. Total,6.0,51.0,0.0,0.0,1.0,24.0,21.0
901,West Bengal,2009,3. Total,57.0,957.0,11.0,13.0,58.0,483.0,335.0
902,Andaman & Nicobar Islands,2010,3. Total,2.0,4.0,0.0,0.0,1.0,2.0,2.0
903,Andhra Pradesh,2010,3. Total,26.0,157.0,0.0,1.0,2.0,64.0,64.0
904,Arunachal Pradesh,2010,3. Total,0.0,3.0,0.0,0.0,0.0,2.0,1.0
905,Assam,2010,3. Total,2.0,46.0,0.0,0.0,1.0,33.0,13.0
906,Bihar,2010,3. Total,19.0,344.0,0.0,0.0,9.0,225.0,91.0
907,Chandigarh,2010,3. Total,0.0,9.0,0.0,0.0,0.0,1.0,8.0
908,Chhattisgarh,2010,3. Total,4.0,30.0,0.0,3.0,3.0,7.0,13.0
909,Dadra & Nagar Haveli,2010,3. Total,1.0,1.0,0.0,0.0,1.0,10.0,8.0
910,Daman & Diu,2010,3. Total,2.0,1.0,0.0,0.0,1.0,1.0,8.0
911,Delhi,2010,3. Total,6.0,144.0,12.0,13.0,7.0,75.0,31.0
912,Goa,2010,3. Total,0.0,4.0,0.0,1.0,0.0,1.0,2.0
913,Gujarat,2010,3. Total,7.0,79.0,2.0,0.0,1.0,36.0,33.0
914,Haryana,2010,3. Total,4.0,69.0,0.0,1.0,1.0,33.0,30.0
915,Himachal Pradesh,2010,3. Total,2.0,12.0,0.0,0.0,1.0,2.0,7.0
916,Jammu & Kashmir,2010,3. Total,3.0,26.0,0.0,0.0,0.0,13.0,10.0
917,Jharkhand,2010,3. Total,3.0,98.0,0.0,0.0,4.0,44.0,47.0
918,Karnataka,2010,3. Total,6.0,155.0,0.0,3.0,1.0,96.0,49.0
919,Kerala,2010,3. Total,26.0,132.0,4.0,2.0,1.0,51.0,48.0
920,Madhya Pradesh,2010,3. Total,4.0,128.0,4.0,11.0,4.0,51.0,54.0
921,Maharashtra,2010,3. Total,21.0,223.0,5.0,11.0,7.0,113.0,66.0
922,Manipur,2010,3. Total,0.0,1.0,0.0,0.0,0.0,1.0,0.0
923,Meghalaya,2010,3. Total,0.0,8.0,1.0,0.0,1.0,3.0,3.0
924,Mizoram,2010,3. Total,1.0,13.0,0.0,0.0,0.0,5.0,7.0
925,Nagaland,2010,3. Total,3.0,15.0,1.0,0.0,0.0,5.0,6.0
926,Odisha,2010,3. Total,0.0,37.0,0.0,0.0,0.0,21.0,16.0
927,Puducherry,2010,3. Total,5.0,17.0,0.0,2.0,1.0,4.0,6.0
928,Punjab,2010,3. Total,18.0,157.0,3.0,4.0,10.0,57.0,65.0
929,Rajasthan,2010,3. Total,9.0,104.0,1.0,1.0,3.0,37.0,53.0
930,Sikkim,2010,3. Total,2.0,2.0,0.0,0.0,1.0,1.0,1.0
931,Tamil Nadu,2010,3. Total,3.0,33.0,0.0,2.0,2.0,10.0,16.0
932,Tripura,2010,3. Total,0.0,8.0,0.0,3.0,1.0,2.0,2.0
933,Uttar Pradesh,2010,3. Total,137.0,1411.0,26.0,9.0,40.0,699.0,500.0
934,Uttarakhand,2010,3. Total,2.0,60.0,0.0,0.0,1.0,34.0,24.0
935,West Bengal,2010,3. Total,56.0,630.0,11.0,1.0,25.0,403.0,134.0
